,geography,employment_indicator,January 2021,February 2021,March 2021,April 2021,May 2021,June 2021,July 2021,August 2021,September 2021,October 2021,November 2021,December 2021,January 2022,February 2022,March 2022,April 2022,May 2022,June 2022,July 2022,August 2022,September 2022,October 2022,November 2022,December 2022
,National - Regional - LA - OAs,Employment Indicator (V),,,,,,,,,,,,,,,,,,,,,,,,
,Hartlepool,In employment (PAYE) or self-employment,"5,276","5,259","5,219","5,226","5,229","5,187","5,194","5,230","5,243","5,248","5,260","5,269","5,223","5,233","5,218","5,241","5,226","5,210","5,230","5,265","5,249","5,141","5,187","5,148"
,,Not in employment (PAYE) or self-employment,"8,584","8,652","8,676","8,595","8,500","8,332","8,219","8,252","8,162","8,193","8,113","8,080","8,167","8,137","8,074","8,127","8,238","8,304","8,370","8,472","8,463","8,707","8,782","8,831"
,,Total,"13,862","13,911","13,903","13,826","13,726","13,518","13,412","13,483","13,402","13,444","13,379","13,352","13,384","13,368","13,288","13,371","13,465","13,513","13,602","13,732","13,714","13,849","13,967","13,975"
,Middlesbrough,In employment (PAYE) or self-employment,"7,823","7,736","7,748","7,884","8,020","7,976","7,969","7,987","7,936","8,000","7,998","7,985","7,877","7,866","7,869","7,984","8,008","8,060","8,015","8,139","8,192","8,084","8,185","8,124"
,,Not in employment (PAYE) or self-employment,"12,205","12,431","12,518","12,431","12,277","12,107","12,022","11,921","11,904","11,750","11,681","11,707","11,883","11,846","11,824","11,796","11,891","11,818","12,079","12,087","12,111","12,427","12,521","12,660"
,,Total,"20,028","20,168","20,266","20,318","20,303","20,084","19,990","19,909","19,843","19,751","19,676","19,692","19,756","19,710","19,689","19,781","19,901","19,879","20,090","20,227","20,301","20,514","20,705","20,786"
,Redcar and Cleveland,In employment (PAYE) or self-employment,"5,916","5,916","5,921","5,886","6,036","6,089","5,985","5,952","5,849","5,948","5,909","5,891","5,714","5,711","5,807","5,911","5,956","6,006","6,048","6,198","6,209","6,110","6,084","6,039"
,,Not in employment (PAYE) or self-employment,"7,703","7,862","7,955","7,927","7,779","7,579","7,610","7,630","7,617","7,573","7,557","7,595","7,850","7,969","7,905","7,902","7,900","7,955","8,062","8,088","8,154","8,396","8,487","8,612"
,,Total,"13,619","13,775","13,875","13,813","13,813","13,668","13,593","13,578","13,467","13,521","13,469","13,484","13,564","13,681","13,707","13,815","13,860","13,958","14,110","14,284","14,361","14,511","14,571","14,653"
,Stockton-on-Tees,In employment (PAYE) or self-employment,"8,303","8,193","8,251","8,237","8,364","8,323","8,294","8,247","8,172","8,199","8,158","8,143","7,953","7,907","8,031","8,069","8,105","8,168","8,255","8,333","8,397","8,288","8,364","8,347"
,,Not in employment (PAYE) or self-employment,"10,892","11,101","11,181","11,148","10,926","10,689","10,584","10,556","10,551","10,388","10,317","10,292","10,544","10,685","10,540","10,614","10,559","10,590","10,719","10,813","10,860","11,127","11,160","11,264"
,,Total,"19,193","19,300","19,434","19,387","19,292","19,014","18,878","18,802","18,722","18,585","18,471","18,442","18,503","18,587","18,573","18,684","18,665","18,761","18,971","19,144","19,253","19,421","19,522","19,611"
,Darlington,In employment (PAYE) or self-employment,"4,762","4,764","4,702","4,719","4,808","4,801","4,854","4,759","4,747","4,778","4,815","4,741","4,676","4,734","4,756","4,711","4,742","4,760","4,728","4,757","4,838","4,776","4,891","4,943"
,,Not in employment (PAYE) or self-employment,"5,897","6,025","6,124","6,101","6,075","5,934","5,824","5,822","5,745","5,697","5,629","5,588","5,681","5,679","5,602","5,652","5,675","5,704","5,883","5,994","6,037","6,210","6,140","6,139"
,,Total,"10,656","10,789","10,827","10,817","10,878","10,739","10,680","10,578","10,493","10,472","10,446","10,329","10,355","10,410","10,363","10,367","10,421","10,462","10,612","10,751","10,874","10,981","11,029","11,084"
,County Durham,In employment (PAYE) or self-employment,"21,716","21,633","21,544","21,389","21,700","21,493","21,398","21,215","21,034","21,167","21,127","21,215","20,576","20,691","20,771","20,917","20,710","20,788","20,896","21,144","21,328","21,091","21,133","21,124"
,,Not in employment (PAYE) or self-employment,"30,510","30,871","30,950","30,913","30,592","30,040","29,827","29,927","29,860","29,376","29,010","28,805","29,412","29,509","29,365","29,471","29,707","29,786","30,299","30,550","30,759","31,494","31,820","32,122"
,,Total,"52,227","52,505","52,495","52,300","52,288","51,530","51,227","51,145","50,898","50,546","50,140","50,015","49,983","50,204","50,132","50,384","50,415","50,571","51,192","51,689","52,087","52,583","52,957","53,245"
,Northumberland,In employment (PAYE) or self-employment,"11,915","11,690","11,693","11,772","12,033","12,086","12,102","11,943","11,751","11,659","11,610","11,604","11,270","11,316","11,426","11,682","11,664","11,733","11,880","11,940","11,995","11,752","11,754","11,744"
,,Not in employment (PAYE) or self-employment,"12,916","13,172","13,280","13,045","12,700","12,400","12,172","12,188","12,125","12,134","12,039","12,029","12,510","12,534","12,390","12,310","12,373","12,431","12,604","12,828","12,941","13,380","13,527","13,692"
,,Total,"24,824","24,862","24,969","24,815","24,734","24,484","24,273","24,126","23,878","23,791","23,645","23,628","23,781","23,851","23,809","23,993","24,038","24,161","24,479","24,765","24,931","25,134","25,281","25,437"
,Newcastle upon Tyne,In employment (PAYE) or self-employment,"15,245","15,045","14,970","14,904","15,091","15,481","15,510","15,512","15,353","15,198","15,109","15,101","14,609","14,519","14,359","14,309","14,257","14,382","14,565","14,598","14,569","14,331","14,101","14,177"
,,Not in employment (PAYE) or self-employment,"21,902","22,094","22,118","21,927","21,473","20,965","20,796","20,720","20,484","20,114","19,938","19,903","20,176","20,108","19,984","20,072","20,094","19,994","20,062","20,153","20,187","20,601","20,602","20,682"
,,Total,"37,147","37,139","37,089","36,828","36,563","36,447","36,301","36,229","35,843","35,310","35,045","35,008","34,786","34,630","34,343","34,383","34,347","34,378","34,632","34,750","34,756","34,930","34,704","34,861"
,North Tyneside,In employment (PAYE) or self-employment,"9,039","8,885","8,863","8,782","9,004","9,095","9,162","9,076","8,996","9,042","9,084","9,108","8,787","8,842","8,851","8,947","8,935","9,012","9,028","9,083","9,077","8,722","8,516","8,526"
,,Not in employment (PAYE) or self-employment,"10,170","10,334","10,384","10,269","10,054","9,808","9,663","9,662","9,505","9,395","9,270","9,248","9,445","9,444","9,305","9,319","9,377","9,386","9,564","9,612","9,673","9,997","10,068","10,129"
,,Total,"19,208","19,220","19,248","19,058","19,059","18,902","18,828","18,740","18,501","18,429","18,358","18,352","18,231","18,287","18,151","18,271","18,312","18,395","18,595","18,692","18,748","18,721","18,577","18,656"
,South Tyneside,In employment (PAYE) or self-employment,"7,356","7,280","7,273","7,233","7,391","7,448","7,415","7,367","7,263","7,388","7,375","7,377","7,040","7,031","7,113","7,176","7,220","7,277","7,365","7,416","7,443","7,286","7,163","7,240"
,,Not in employment (PAYE) or self-employment,"10,435","10,585","10,642","10,625","10,442","10,277","10,193","10,178","10,007","9,920","9,841","9,794","10,075","10,229","10,110","10,158","10,187","10,205","10,319","10,350","10,391","10,668","10,631","10,627"
,,Total,"17,792","17,868","17,912","17,861","17,833","17,731","17,608","17,548","17,270","17,310","17,218","17,169","17,117","17,261","17,220","17,331","17,407","17,479","17,678","17,769","17,833","17,951","17,798","17,862"
,Sunderland,In employment (PAYE) or self-employment,"13,257","13,184","13,127","13,016","13,305","13,344","13,390","13,424","13,414","13,740","13,802","13,701","13,340","13,377","13,432","13,414","13,295","13,422","13,387","13,478","13,498","13,314","13,354","13,287"
,,Not in employment (PAYE) or self-employment,"17,774","18,012","18,147","18,198","17,965","17,781","17,659","17,727","17,524","17,377","17,224","17,205","17,696","17,682","17,512","17,634","17,879","17,887","18,186","18,435","18,540","19,064","19,100","19,189"
,,Total,"31,027","31,196","31,278","31,221","31,270","31,128","31,046","31,153","30,934","31,114","31,028","30,906","31,038","31,060","30,946","31,052","31,173","31,311","31,574","31,908","32,036","32,379","32,456","32,475"
,Gateshead,In employment (PAYE) or self-employment,"9,364","9,282","9,296","9,225","9,438","9,505","9,422","9,417","9,383","9,348","9,388","9,372","9,081","9,038","9,074","9,138","9,129","9,098","9,070","9,132","9,246","9,016","8,982","8,972"
,,Not in employment (PAYE) or self-employment,"12,727","12,870","12,926","12,851","12,675","12,466","12,332","12,282","12,120","11,973","11,834","11,745","12,000","12,073","12,027","12,089","12,138","12,167","12,309","12,407","12,382","12,664","12,722","12,754"
,,Total,"22,088","22,148","22,222","22,073","22,119","21,974","21,748","21,702","21,506","21,316","21,218","21,120","21,078","21,108","21,105","21,229","21,266","21,263","21,372","21,539","21,632","21,677","21,698","21,729"
,Halton,In employment (PAYE) or self-employment,"7,340","7,262","7,262","7,153","7,237","7,248","7,079","7,036","7,013","7,040","7,028","7,019","6,793","6,855","6,834","6,812","6,819","6,803","6,803","6,804","6,815","6,662","6,711","6,668"
,,Not in employment (PAYE) or self-employment,"9,071","9,206","9,242","9,215","9,039","8,900","8,890","8,793","8,676","8,515","8,414","8,305","8,458","8,447","8,427","8,428","8,463","8,489","8,596","8,705","8,719","8,884","8,860","8,910"
,,Total,"16,405","16,465","16,511","16,368","16,273","16,150","15,965","15,831","15,693","15,556","15,440","15,330","15,255","15,306","15,261","15,243","15,282","15,290","15,402","15,510","15,530","15,543","15,572","15,580"
,Warrington,In employment (PAYE) or self-employment,"8,865","8,864","8,765","8,704","8,765","8,608","8,538","8,464","8,432","8,436","8,455","8,553","8,290","8,261","8,224","8,279","8,289","8,358","8,432","8,391","8,463","8,319","8,314","8,353"
,,Not in employment (PAYE) or self-employment,"9,071","9,259","9,414","9,388","9,155","9,034","8,830","8,774","8,577","8,432","8,270","8,101","8,274","8,266","8,205","8,228","8,232","8,206","8,323","8,382","8,348","8,637","8,686","8,649"
,,Total,"17,934","18,125","18,177","18,092","17,918","17,642","17,368","17,241","17,008","16,866","16,727","16,654","16,564","16,531","16,429","16,503","16,522","16,562","16,758","16,775","16,813","16,961","16,997","17,004"
,Blackburn with Darwen,In employment (PAYE) or self-employment,"7,617","7,492","7,554","7,543","7,826","8,015","8,131","8,061","8,087","8,202","8,269","8,229","7,894","7,890","7,932","7,875","7,736","7,857","7,907","8,064","8,064","8,036","8,064","8,102"
,,Not in employment (PAYE) or self-employment,"11,146","11,404","11,463","11,479","11,252","11,069","10,958","11,002","10,863","10,736","10,737","10,617","10,805","10,872","10,811","10,933","11,066","11,135","11,305","11,360","11,486","11,673","11,693","11,777"
,,Total,"18,767","18,898","19,014","19,020","19,079","19,086","19,083","19,063","18,950","18,940","19,000","18,849","18,698","18,763","18,741","18,809","18,796","18,994","19,215","19,418","19,549","19,709","19,760","19,879"
,Blackpool,In employment (PAYE) or self-employment,"9,593","9,476","9,630","9,739","10,326","10,668","10,630","10,587","10,507","10,376","10,060","9,726","9,317","9,340","9,561","9,764","9,630","9,757","9,830","9,936","9,790","9,639","9,560","9,533"
,,Not in employment (PAYE) or self-employment,"13,038","13,205","13,176","12,967","12,399","11,898","11,721","11,668","11,410","11,394","11,439","11,495","11,950","11,925","11,773","11,637","11,593","11,566","11,753","11,738","11,836","12,214","12,442","12,641"
,,Total,"22,636","22,681","22,806","22,712","22,728","22,565","22,351","22,251","21,918","21,779","21,502","21,224","21,268","21,265","21,336","21,406","21,218","21,326","21,587","21,668","21,626","21,849","22,010","22,175"
,Cheshire East,In employment (PAYE) or self-employment,"13,534","13,558","13,615","13,545","13,783","13,699","13,513","13,229","12,990","12,899","12,814","12,620","12,193","12,326","12,315","12,324","12,277","12,332","12,319","12,440","12,510","12,349","12,295","12,352"
,,Not in employment (PAYE) or self-employment,"12,477","12,744","12,794","12,718","12,331","12,081","11,926","11,901","11,812","11,566","11,447","11,380","11,606","11,599","11,445","11,493","11,509","11,518","11,743","11,838","11,902","12,211","12,407","12,405"
,,Total,"26,012","26,302","26,406","26,262","26,114","25,777","25,445","25,132","24,800","24,465","24,262","23,998","23,801","23,924","23,764","23,818","23,785","23,847","24,067","24,283","24,410","24,563","24,705","24,754"
,Cheshire West and Chester,In employment (PAYE) or self-employment,"14,190","14,101","14,133","14,099","14,254","14,300","14,205","14,069","13,839","13,714","13,616","13,252","12,866","13,027","12,911","12,890","12,821","12,835","12,970","13,031","13,031","12,888","12,845","12,892"
,,Not in employment (PAYE) or self-employment,"13,983","14,243","14,315","14,238","13,916","13,511","13,263","13,152","12,949","12,853","12,663","12,526","12,825","12,721","12,631","12,766","12,771","12,871","13,094","13,232","13,396","13,755","13,792","13,769"
,,Total,"28,170","28,342","28,449","28,339","28,167","27,806","27,464","27,221","26,788","26,567","26,275","25,775","25,692","25,749","25,544","25,656","25,596","25,706","26,067","26,263","26,423","26,641","26,636","26,658"
,Cumberland,In employment (PAYE) or self-employment,"10,814","10,702","10,677","10,699","10,952","11,090","11,170","11,046","10,771","10,859","10,832","10,668","10,237","10,236","10,213","10,203","10,206","10,264","10,374","10,479","10,470","10,367","10,379","10,394"
,,Not in employment (PAYE) or self-employment,"11,531","11,759","11,889","11,891","11,658","11,415","11,270","11,301","11,147","11,001","10,919","10,917","11,154","11,244","11,112","11,161","11,144","11,176","11,395","11,467","11,526","11,772","11,925","12,000"
,,Total,"22,346","22,460","22,564","22,592","22,608","22,505","22,438","22,348","21,910","21,863","21,750","21,586","21,396","21,479","21,324","21,366","21,353","21,444","21,767","21,947","22,001","22,136","22,299","22,392"
,Westmorland and Furness,In employment (PAYE) or self-employment,"7,670","7,475","7,471","7,441","7,715","7,778","7,622","7,490","7,226","7,113","7,019","6,947","6,689","6,686","6,662","6,696","6,717","6,772","6,812","6,864","6,839","6,812","6,833","6,856"
,,Not in employment (PAYE) or self-employment,"5,920","6,002","6,111","6,066","5,745","5,513","5,448","5,383","5,317","5,274","5,299","5,326","5,441","5,475","5,436","5,395","5,401","5,424","5,526","5,590","5,624","5,856","5,968","6,049"
,,Total,"13,585","13,476","13,577","13,503","13,458","13,291","13,073","12,877","12,543","12,389","12,319","12,270","12,134","12,162","12,096","12,089","12,125","12,197","12,332","12,457","12,467","12,672","12,806","12,903"
,Burnley,In employment (PAYE) or self-employment,"5,384","5,343","5,338","5,347","5,429","5,584","5,670","5,727","5,672","5,753","5,811","5,784","5,541","5,366","5,358","5,357","5,365","5,416","5,452","5,490","5,497","5,457","5,467","5,505"
,,Not in employment (PAYE) or self-employment,"7,342","7,469","7,490","7,449","7,330","7,147","7,022","7,032","6,978","6,895","6,814","6,797","6,907","6,935","6,847","6,911","6,941","6,961","7,076","7,191","7,147","7,346","7,401","7,410"
,,Total,"12,725","12,819","12,825","12,800","12,764","12,732","12,697","12,758","12,649","12,645","12,624","12,575","12,448","12,302","12,210","12,268","12,306","12,380","12,531","12,688","12,646","12,804","12,867","12,913"
,Chorley,In employment (PAYE) or self-employment,"4,326","4,181","4,123","4,152","4,200","4,191","4,233","4,140","4,162","4,185","4,148","4,115","3,935","3,987","3,966","3,981","4,014","4,002","3,973","4,044","4,080","4,053","4,048","4,051"
,,Not in employment (PAYE) or self-employment,"3,921","3,990","4,060","4,001","3,915","3,815","3,731","3,780","3,735","3,688","3,690","3,619","3,706","3,699","3,697","3,730","3,739","3,773","3,849","3,884","3,915","4,027","4,031","4,033"
,,Total,"8,248","8,172","8,183","8,152","8,119","8,007","7,964","7,925","7,895","7,881","7,838","7,732","7,638","7,682","7,664","7,709","7,751","7,773","7,823","7,927","7,995","8,078","8,078","8,082"
,Fylde,In employment (PAYE) or self-employment,"2,992","2,999","3,013","2,971","3,026","2,965","2,895","2,855","2,802","2,743","2,728","2,659","2,555","2,580","2,596","2,634","2,634","2,668","2,664","2,682","2,721","2,662","2,641","2,691"
,,Not in employment (PAYE) or self-employment,"2,752","2,757","2,728","2,684","2,543","2,443","2,392","2,375","2,309","2,296","2,292","2,292","2,356","2,352","2,314","2,326","2,322","2,372","2,426","2,459","2,461","2,566","2,633","2,658"
,,Total,"5,749","5,756","5,741","5,651","5,565","5,413","5,288","5,230","5,113","5,039","5,019","4,954","4,910","4,933","4,909","4,964","4,959","5,043","5,094","5,143","5,180","5,226","5,273","5,350"
,Hyndburn,In employment (PAYE) or self-employment,"4,293","4,039","4,059","4,108","4,288","4,389","4,395","4,438","4,437","4,475","4,545","4,458","4,276","4,323","4,339","4,392","4,354","4,374","4,405","4,454","4,502","4,433","4,472","4,445"
,,Not in employment (PAYE) or self-employment,"5,447","5,590","5,603","5,559","5,431","5,340","5,283","5,241","5,173","5,169","5,125","5,084","5,233","5,268","5,247","5,288","5,335","5,362","5,430","5,508","5,508","5,594","5,612","5,691"
,,Total,"9,742","9,628","9,661","9,668","9,723","9,735","9,675","9,677","9,611","9,644","9,670","9,546","9,507","9,591","9,584","9,677","9,692","9,732","9,837","9,963","10,011","10,024","10,084","10,132"
,Lancaster,In employment (PAYE) or self-employment,"6,561","6,530","6,575","6,597","6,733","6,739","6,748","6,652","6,595","6,555","6,522","6,362","6,040","6,095","6,162","6,141","6,084","6,136","6,118","6,191","6,152","6,047","6,127","6,115"
,,Not in employment (PAYE) or self-employment,"7,273","7,344","7,292","7,235","7,033","6,896","6,801","6,738","6,639","6,590","6,589","6,625","6,660","6,582","6,509","6,562","6,601","6,544","6,611","6,614","6,694","6,883","6,931","7,017"
,,Total,"13,840","13,872","13,865","13,833","13,763","13,633","13,555","13,390","13,230","13,145","13,108","12,985","12,701","12,676","12,672","12,701","12,690","12,675","12,730","12,804","12,848","12,932","13,060","13,137"
,Pendle,In employment (PAYE) or self-employment,"4,098","4,138","4,183","4,268","4,393","4,443","4,469","4,428","4,486","4,593","4,573","4,636","4,409","4,428","4,411","4,492","4,461","4,547","4,540","4,581","4,619","4,561","4,600","4,597"
,,Not in employment (PAYE) or self-employment,"5,187","5,315","5,376","5,350","5,309","5,258","5,235","5,271","5,235","5,112","5,086","5,058","5,196","5,198","5,207","5,255","5,341","5,347","5,465","5,580","5,604","5,831","5,835","5,937"
,,Total,"9,282","9,451","9,564","9,615","9,702","9,703","9,703","9,699","9,722","9,706","9,656","9,694","9,607","9,620","9,620","9,745","9,806","9,893","10,003","10,156","10,222","10,388","10,434","10,533"
,Preston,In employment (PAYE) or self-employment,"6,808","6,839","6,871","6,825","7,011","7,178","7,231","7,208","7,240","7,254","7,273","7,236","6,828","6,846","6,952","7,024","7,021","7,144","7,204","7,264","7,302","7,200","7,214","7,292"
,,Not in employment (PAYE) or self-employment,"8,437","8,635","8,650","8,648","8,527","8,347","8,317","8,397","8,312","8,361","8,284","8,209","8,380","8,462","8,328","8,400","8,422","8,455","8,589","8,712","8,687","8,889","8,958","8,907"
,,Total,"15,237","15,476","15,524","15,470","15,540","15,527","15,547","15,602","15,553","15,613","15,560","15,451","15,212","15,308","15,283","15,425","15,446","15,598","15,796","15,973","15,985","16,092","16,171","16,197"
,Ribble Valley,In employment (PAYE) or self-employment,"1,753","1,718","1,709","1,679","1,689","1,680","1,639","1,611","1,555","1,525","1,494","1,445","1,406","1,422","1,404","1,419","1,426","1,453","1,440","1,485","1,514","1,499","1,499","1,510"
,,Not in employment (PAYE) or self-employment,"1,112","1,120","1,103","1,079","1,034","1,001",988,975,948,920,921,905,929,935,927,930,931,933,967,958,975,"1,040","1,064","1,070"
,,Total,"2,865","2,840","2,811","2,753","2,719","2,688","2,628","2,586","2,505","2,448","2,415","2,351","2,340","2,356","2,330","2,351","2,356","2,383","2,405","2,443","2,489","2,542","2,565","2,581"
,Rossendale,In employment (PAYE) or self-employment,"2,859","2,883","2,843","2,847","2,883","2,891","2,901","2,905","2,877","2,932","2,898","2,842","2,740","2,743","2,808","2,817","2,798","2,800","2,808","2,814","2,808","2,848","2,848","2,870"
,,Not in employment (PAYE) or self-employment,"3,268","3,305","3,299","3,291","3,235","3,183","3,150","3,119","3,100","3,048","3,043","2,982","3,042","3,066","3,015","2,999","3,045","3,049","3,150","3,191","3,230","3,303","3,342","3,355"
,,Total,"6,126","6,182","6,141","6,136","6,117","6,077","6,051","6,027","5,981","5,976","5,938","5,821","5,781","5,810","5,823","5,813","5,846","5,853","5,961","6,000","6,040","6,151","6,188","6,228"
,South Ribble,In employment (PAYE) or self-employment,"4,066","4,012","4,004","4,007","4,039","3,974","3,905","3,811","3,757","3,781","3,796","3,803","3,642","3,609","3,595","3,607","3,633","3,665","3,693","3,734","3,740","3,773","3,795","3,829"
,,Not in employment (PAYE) or self-employment,"3,303","3,383","3,407","3,351","3,323","3,243","3,200","3,221","3,198","3,156","3,153","3,106","3,174","3,169","3,159","3,175","3,200","3,225","3,270","3,337","3,361","3,435","3,463","3,469"
,,Total,"7,366","7,397","7,413","7,359","7,367","7,217","7,099","7,028","6,955","6,935","6,949","6,909","6,813","6,785","6,757","6,783","6,832","6,894","6,964","7,070","7,095","7,210","7,255","7,298"
,West Lancashire,In employment (PAYE) or self-employment,"4,377","4,330","4,324","4,317","4,406","4,423","4,449","4,404","4,317","4,272","4,253","4,248","4,025","4,114","4,185","4,173","4,183","4,203","4,263","4,341","4,331","4,301","4,288","4,370"
,,Not in employment (PAYE) or self-employment,"4,793","4,883","4,813","4,757","4,670","4,549","4,527","4,540","4,493","4,457","4,414","4,385","4,490","4,473","4,367","4,433","4,446","4,481","4,583","4,621","4,655","4,760","4,818","4,777"
,,Total,"9,175","9,210","9,133","9,078","9,076","8,968","8,975","8,938","8,808","8,734","8,665","8,630","8,517","8,593","8,555","8,604","8,629","8,684","8,848","8,959","8,981","9,063","9,105","9,144"
,Wyre,In employment (PAYE) or self-employment,"4,431","4,353","4,431","4,454","4,505","4,585","4,601","4,580","4,512","4,464","4,413","4,261","4,100","4,092","4,082","4,187","4,124","4,131","4,164","4,225","4,211","4,174","4,130","4,114"
,,Not in employment (PAYE) or self-employment,"4,511","4,634","4,562","4,475","4,325","4,169","4,077","4,082","4,027","4,037","4,008","4,005","4,105","4,148","4,086","4,104","4,123","4,148","4,265","4,247","4,296","4,448","4,507","4,551"
,,Total,"8,941","8,989","8,988","8,928","8,834","8,753","8,675","8,659","8,544","8,499","8,424","8,264","8,208","8,240","8,174","8,294","8,246","8,284","8,429","8,476","8,510","8,622","8,638","8,661"
,Bolton,In employment (PAYE) or self-employment,"14,004","13,903","13,911","13,881","14,093","14,208","14,302","14,286","14,330","14,484","14,499","14,389","14,084","14,096","14,214","14,216","14,247","14,435","14,511","14,633","14,518","14,429","14,622","14,642"
,,Not in employment (PAYE) or self-employment,"18,035","18,425","18,562","18,618","18,390","18,158","17,989","18,066","17,920","17,687","17,483","17,233","17,631","17,876","17,820","18,029","18,143","18,270","18,582","18,693","18,844","19,345","19,419","19,482"
,,Total,"32,041","32,334","32,472","32,503","32,486","32,364","32,294","32,350","32,249","32,169","31,977","31,622","31,711","31,969","32,032","32,245","32,388","32,704","33,092","33,330","33,359","33,772","34,037","34,129"
,Bury,In employment (PAYE) or self-employment,"8,163","8,074","8,110","8,140","8,305","8,435","8,488","8,450","8,449","8,541","8,484","8,296","8,059","8,033","8,039","7,997","8,008","8,045","8,046","8,141","8,150","8,057","8,155","8,112"
,,Not in employment (PAYE) or self-employment,"9,764","9,833","9,888","9,871","9,678","9,487","9,412","9,431","9,313","9,180","9,074","8,965","9,136","9,261","9,204","9,393","9,461","9,481","9,636","9,711","9,711","10,000","9,997","10,034"
,,Total,"17,925","17,909","18,001","18,011","17,984","17,917","17,902","17,881","17,765","17,717","17,559","17,260","17,197","17,297","17,242","17,389","17,468","17,528","17,688","17,852","17,860","18,053","18,149","18,145"
,Manchester,In employment (PAYE) or self-employment,"34,052","33,641","33,616","33,601","34,462","35,023","35,146","35,231","35,017","35,406","35,235","34,531","33,317","33,053","32,905","32,751","32,530","32,789","32,846","32,824","32,764","32,233","32,864","32,593"
,,Not in employment (PAYE) or self-employment,"44,342","45,264","45,744","45,659","44,619","43,517","43,021","42,721","42,276","41,843","41,345","40,898","41,753","42,180","42,058","42,479","42,757","42,461","43,027","43,335","43,394","44,400","44,085","44,633"
,,Total,"78,389","78,899","79,366","79,257","79,081","78,541","78,167","77,947","77,291","77,251","76,580","75,422","75,072","75,238","74,966","75,234","75,290","75,245","75,876","76,164","76,158","76,631","76,951","77,229"
,Oldham,In employment (PAYE) or self-employment,"13,972","13,784","13,740","13,851","14,312","14,654","14,768","14,734","14,798","15,060","15,057","14,721","14,103","14,078","14,128","14,010","13,821","13,902","13,882","14,025","14,081","13,954","14,270","13,898"
,,Not in employment (PAYE) or self-employment,"19,223","19,684","19,914","19,894","19,534","19,236","19,010","18,851","18,514","18,006","17,747","17,361","17,741","17,885","17,792","17,916","17,981","18,048","18,270","18,390","18,379","18,799","18,581","18,792"
,,Total,"33,196","33,468","33,656","33,747","33,847","33,890","33,778","33,590","33,314","33,064","32,803","32,082","31,842","31,962","31,919","31,921","31,805","31,949","32,149","32,416","32,462","32,752","32,851","32,689"
,Rochdale,In employment (PAYE) or self-employment,"11,575","11,409","11,426","11,588","11,912","12,130","12,189","12,236","12,223","12,533","12,702","12,335","11,811","11,931","11,971","12,034","12,126","12,204","12,208","12,258","12,478","12,441","12,557","12,425"
,,Not in employment (PAYE) or self-employment,"15,503","15,937","16,006","15,888","15,691","15,349","15,300","15,381","15,247","14,972","14,824","14,647","15,007","15,122","15,079","15,297","15,295","15,220","15,491","15,611","15,523","15,856","15,838","15,902"
,,Total,"27,081","27,343","27,438","27,474","27,604","27,478","27,491","27,619","27,467","27,505","27,526","26,981","26,814","27,049","27,052","27,335","27,422","27,422","27,698","27,871","28,005","28,300","28,398","28,325"
,Salford,In employment (PAYE) or self-employment,"14,937","14,769","14,846","14,862","15,153","15,310","15,360","15,145","14,839","15,006","14,906","14,830","14,392","14,279","14,267","14,232","14,234","14,237","14,347","14,458","14,535","14,268","14,476","14,331"
,,Not in employment (PAYE) or self-employment,"16,951","17,299","17,390","17,387","17,087","16,743","16,540","16,635","16,418","16,258","15,990","15,764","16,187","16,368","16,270","16,411","16,412","16,583","16,774","16,920","16,954","17,438","17,403","17,636"
,,Total,"31,889","32,071","32,233","32,252","32,244","32,049","31,899","31,781","31,257","31,267","30,897","30,595","30,581","30,647","30,538","30,642","30,647","30,816","31,121","31,380","31,491","31,710","31,877","31,964"
,Stockport,In employment (PAYE) or self-employment,"10,512","10,585","10,567","10,502","10,547","10,440","10,248","10,071","9,978","9,927","9,990","9,979","9,731","9,811","9,916","9,994","9,953","9,912","9,997","10,054","10,052","9,959","9,923","9,940"
,,Not in employment (PAYE) or self-employment,"11,421","11,646","11,650","11,606","11,451","11,204","11,020","11,063","10,906","10,799","10,585","10,399","10,549","10,542","10,434","10,455","10,503","10,549","10,653","10,787","10,813","11,105","11,229","11,236"
,,Total,"21,931","22,232","22,222","22,104","21,995","21,645","21,269","21,129","20,885","20,724","20,575","20,380","20,280","20,359","20,355","20,445","20,457","20,464","20,645","20,838","20,869","21,067","21,154","21,170"
,Tameside,In employment (PAYE) or self-employment,"12,013","11,988","12,075","12,146","12,288","12,269","12,201","11,995","11,906","11,947","12,163","12,194","11,861","11,890","11,900","11,766","11,672","11,725","11,684","11,676","11,726","11,599","11,686","11,746"
,,Not in employment (PAYE) or self-employment,"14,649","14,826","14,786","14,629","14,249","14,021","13,958","13,898","13,716","13,385","13,109","12,921","13,170","13,251","13,182","13,259","13,291","13,401","13,681","13,845","13,833","14,212","14,206","14,223"
,,Total,"26,659","26,818","26,858","26,775","26,539","26,290","26,158","25,895","25,626","25,331","25,276","25,117","25,025","25,142","25,086","25,029","24,957","25,123","25,368","25,521","25,562","25,813","25,891","25,966"
,Trafford,In employment (PAYE) or self-employment,"8,454","8,383","8,386","8,343","8,387","8,384","8,232","8,153","7,989","7,923","7,843","7,799","7,535","7,529","7,489","7,472","7,430","7,448","7,599","7,612","7,599","7,525","7,612","7,567"
,,Not in employment (PAYE) or self-employment,"8,999","9,138","9,163","9,135","8,967","8,725","8,589","8,508","8,298","8,104","7,913","7,764","7,916","7,931","7,880","7,886","7,922","7,958","8,049","8,184","8,189","8,364","8,302","8,383"
,,Total,"17,450","17,521","17,550","17,479","17,355","17,114","16,818","16,659","16,292","16,028","15,759","15,555","15,457","15,454","15,370","15,358","15,352","15,405","15,650","15,798","15,786","15,881","15,907","15,946"
,Wigan,In employment (PAYE) or self-employment,"15,104","14,932","14,903","14,788","14,870","14,849","14,857","14,667","14,460","14,486","14,477","14,333","13,899","13,959","14,087","14,191","14,195","14,244","14,321","14,419","14,514","14,386","14,694","14,705"
,,Not in employment (PAYE) or self-employment,"17,130","17,357","17,379","17,339","17,093","16,794","16,545","16,524","16,410","16,215","15,986","15,867","16,198","16,408","16,256","16,337","16,417","16,510","16,720","16,816","16,802","17,239","17,181","17,329"
,,Total,"32,231","32,290","32,282","32,129","31,964","31,646","31,402","31,193","30,866","30,706","30,463","30,199","30,100","30,367","30,345","30,528","30,612","30,755","31,036","31,235","31,318","31,624","31,876","32,026"
,Knowsley,In employment (PAYE) or self-employment,"8,413","8,111","8,054","8,029","8,209","8,320","8,282","8,303","8,266","8,363","8,237","8,233","7,977","8,004","7,934","8,012","8,013","8,035","8,097","8,096","8,069","7,962","8,022","8,019"
,,Not in employment (PAYE) or self-employment,"10,979","11,203","11,382","11,391","11,289","11,029","10,998","10,982","10,884","10,792","10,633","10,452","10,715","10,834","10,792","10,863","10,866","10,915","11,114","11,229","11,252","11,509","11,511","11,517"
,,Total,"19,391","19,316","19,431","19,420","19,501","19,345","19,282","19,288","19,146","19,149","18,870","18,681","18,692","18,838","18,725","18,875","18,883","18,953","19,212","19,325","19,315","19,472","19,530","19,535"
,Liverpool,In employment (PAYE) or self-employment,"25,448","24,775","24,599","24,647","25,198","25,751","25,936","26,004","25,841","25,875","25,648","25,399","24,257","24,207","24,307","24,392","24,089","24,241","24,264","24,404","24,428","24,047","24,198","23,943"
,,Not in employment (PAYE) or self-employment,"35,664","36,574","37,061","36,992","36,700","35,881","35,532","35,403","34,970","34,645","34,268","33,913","34,657","34,932","34,805","34,920","35,118","34,932","35,504","35,826","35,873","36,635","36,796","37,134"
,,Total,"61,116","61,351","61,661","61,635","61,898","61,638","61,472","61,404","60,808","60,521","59,916","59,314","58,915","59,144","59,114","59,310","59,211","59,176","59,769","60,232","60,305","60,682","60,998","61,079"
,St. Helens,In employment (PAYE) or self-employment,"7,887","7,887","7,945","7,973","8,145","8,347","8,400","8,307","8,359","8,328","8,321","8,233","7,841","7,836","7,902","7,962","8,022","8,115","8,185","8,173","8,090","7,855","7,792","7,769"
,,Not in employment (PAYE) or self-employment,"10,440","10,683","10,783","10,840","10,686","10,508","10,512","10,514","10,401","10,369","10,240","10,177","10,376","10,404","10,345","10,483","10,467","10,459","10,677","10,812","10,921","11,105","11,178","11,254"
,,Total,"18,326","18,568","18,725","18,821","18,834","18,853","18,910","18,819","18,759","18,695","18,569","18,409","18,214","18,241","18,252","18,441","18,487","18,574","18,861","18,991","19,007","18,960","18,974","19,027"
,Sefton,In employment (PAYE) or self-employment,"12,451","12,327","12,119","12,068","12,266","12,373","12,379","12,229","12,096","12,217","12,138","12,076","11,643","11,626","11,648","11,794","11,703","11,763","11,723","11,803","11,778","11,460","11,461","11,548"
,,Not in employment (PAYE) or self-employment,"14,906","15,153","15,341","15,236","14,934","14,601","14,353","14,311","14,108","13,896","13,790","13,678","13,882","14,022","13,906","13,983","14,068","13,983","14,167","14,347","14,429","14,841","14,851","14,967"
,,Total,"27,356","27,483","27,456","27,306","27,202","26,973","26,728","26,541","26,199","26,118","25,928","25,758","25,524","25,647","25,560","25,777","25,771","25,749","25,891","26,150","26,204","26,305","26,310","26,517"
,Wirral,In employment (PAYE) or self-employment,"14,154","13,789","13,772","13,672","13,850","13,884","13,838","13,650","13,649","13,730","13,680","13,742","13,278","13,296","13,309","13,282","13,284","13,390","13,477","13,532","13,528","13,243","13,268","13,376"
,,Not in employment (PAYE) or self-employment,"17,348","17,584","17,724","17,714","17,542","17,185","16,948","16,904","16,736","16,655","16,466","16,343","16,584","16,646","16,524","16,689","16,806","16,793","17,087","17,235","17,251","17,723","17,766","17,805"
,,Total,"31,505","31,374","31,498","31,387","31,389","31,071","30,787","30,553","30,387","30,380","30,147","30,076","29,863","29,947","29,838","29,972","30,088","30,181","30,570","30,768","30,779","30,971","31,030","31,185"
,"Kingston upon Hull, City of",In employment (PAYE) or self-employment,"15,385","15,408","15,569","15,671","16,093","16,265","16,481","16,303","16,197","16,211","16,248","16,256","15,703","15,665","15,915","16,001","15,889","16,069","16,176","16,444","16,633","16,421","16,315","16,283"
,,Not in employment (PAYE) or self-employment,"19,433","19,606","19,611","19,520","19,280","18,885","18,538","18,488","18,307","18,185","18,106","18,137","18,632","18,869","18,689","18,714","18,844","18,898","19,301","19,353","19,381","19,999","20,302","20,572"
,,Total,"34,819","35,015","35,181","35,189","35,372","35,148","35,017","34,788","34,499","34,397","34,352","34,392","34,338","34,537","34,607","34,713","34,729","34,966","35,473","35,796","36,010","36,418","36,615","36,852"
,East Riding of Yorkshire,In employment (PAYE) or self-employment,"11,224","11,146","11,176","11,189","11,261","11,344","11,191","11,099","10,934","10,716","10,626","10,576","10,180","10,216","10,254","10,455","10,452","10,476","10,621","10,719","10,743","10,618","10,683","10,634"
,,Not in employment (PAYE) or self-employment,"10,224","10,329","10,242","10,055","9,838","9,480","9,312","9,289","9,185","9,160","9,112","9,085","9,413","9,376","9,251","9,195","9,188","9,206","9,444","9,573","9,675","9,960","10,119","10,316"
,,Total,"21,453","21,471","21,416","21,244","21,097","20,822","20,507","20,384","20,117","19,881","19,737","19,661","19,586","19,587","19,506","19,657","19,643","19,681","20,066","20,288","20,418","20,579","20,799","20,954"
,North East Lincolnshire,In employment (PAYE) or self-employment,"8,163","8,206","8,269","8,358","8,516","8,415","8,355","8,342","8,395","8,529","8,536","8,557","8,202","8,181","8,216","8,361","8,407","8,341","8,347","8,452","8,484","8,465","8,433","8,362"
,,Not in employment (PAYE) or self-employment,"10,285","10,385","10,315","10,223","10,023","9,986","9,860","9,884","9,760","9,755","9,688","9,648","9,900","9,919","9,813","9,799","9,814","9,981","10,145","10,189","10,248","10,421","10,492","10,638"
,,Total,"18,445","18,589","18,580","18,579","18,542","18,402","18,214","18,220","18,155","18,279","18,229","18,206","18,099","18,098","18,028","18,159","18,220","18,321","18,486","18,639","18,733","18,883","18,929","18,996"
,North Lincolnshire,In employment (PAYE) or self-employment,"7,435","7,451","7,540","7,617","7,729","7,671","7,613","7,498","7,470","7,461","7,421","7,501","7,206","7,294","7,325","7,350","7,322","7,354","7,403","7,469","7,569","7,458","7,491","7,492"
,,Not in employment (PAYE) or self-employment,"8,384","8,481","8,489","8,391","8,211","8,007","7,908","7,776","7,720","7,695","7,662","7,549","7,754","7,776","7,697","7,715","7,765","7,801","7,941","8,025","8,087","8,331","8,344","8,424"
,,Total,"15,825","15,927","16,030","16,001","15,939","15,678","15,522","15,274","15,188","15,155","15,082","15,050","14,962","15,072","15,024","15,068","15,085","15,153","15,345","15,498","15,662","15,794","15,834","15,922"
,York,In employment (PAYE) or self-employment,"7,254","7,211","7,165","7,122","7,281","7,240","7,159","7,066","6,819","6,637","6,537","6,433","6,135","6,133","6,146","6,156","6,099","6,128","6,117","6,198","6,179","6,161","6,190","6,136"
,,Not in employment (PAYE) or self-employment,"5,882","6,017","6,009","6,016","5,792","5,532","5,397","5,338","5,262","5,200","5,085","4,993","5,054","5,041","4,949","4,940","4,964","4,979","5,126","5,130","5,175","5,337","5,356","5,399"
,,Total,"13,133","13,229","13,178","13,139","13,073","12,775","12,557","12,404","12,078","11,838","11,616","11,425","11,189","11,171","11,093","11,100","11,060","11,105","11,244","11,328","11,356","11,499","11,547","11,537"
,North Yorkshire,In employment (PAYE) or self-employment,"22,978","22,840","22,816","22,835","23,210","22,985","22,731","22,281","21,876","21,657","21,460","21,412","20,799","20,853","21,116","21,339","21,356","21,416","21,667","21,720","21,870","21,602","21,477","21,438"
,,Not in employment (PAYE) or self-employment,"18,524","18,776","18,799","18,489","17,622","17,008","16,634","16,595","16,434","16,475","16,351","16,255","16,737","16,607","16,195","16,087","16,068","16,120","16,486","16,622","16,695","17,202","17,453","17,692"
,,Total,"41,502","41,621","41,618","41,322","40,834","39,993","39,359","38,877","38,316","38,135","37,814","37,665","37,532","37,461","37,311","37,422","37,425","37,543","38,153","38,337","38,567","38,807","38,927","39,131"
,Barnsley,In employment (PAYE) or self-employment,"11,713","11,581","11,449","11,510","11,588","11,713","11,681","11,604","11,582","11,742","11,770","11,746","11,387","11,441","11,404","11,466","11,482","11,465","11,437","11,612","11,624","11,636","11,712","11,674"
,,Not in employment (PAYE) or self-employment,"14,899","15,154","15,323","15,255","15,086","14,808","14,715","14,779","14,648","14,525","14,377","14,229","14,548","14,577","14,463","14,580","14,597","14,627","14,852","14,880","15,026","15,281","15,237","15,309"
,,Total,"26,615","26,735","26,768","26,762","26,679","26,520","26,394","26,385","26,229","26,260","26,152","25,977","25,937","26,012","25,865","26,044","26,079","26,090","26,289","26,492","26,653","26,917","26,954","26,980"
,Doncaster,In employment (PAYE) or self-employment,"15,464","15,293","15,242","15,278","15,350","15,484","15,413","15,269","15,212","15,480","15,432","15,343","14,496","14,593","14,598","14,626","14,533","14,739","14,838","15,030","15,123","15,058","15,000","14,936"
,,Not in employment (PAYE) or self-employment,"19,888","20,275","20,524","20,438","20,131","19,768","19,571","19,476","19,359","18,956","18,765","18,618","18,967","19,004","18,865","18,986","19,015","18,958","19,222","19,316","19,500","19,962","20,127","20,259"
,,Total,"35,352","35,571","35,767","35,712","35,476","35,255","34,983","34,748","34,573","34,437","34,195","33,958","33,459","33,593","33,464","33,612","33,553","33,694","34,057","34,344","34,622","35,021","35,130","35,198"
,Rotherham,In employment (PAYE) or self-employment,"11,861","11,654","11,647","11,659","11,930","12,044","12,105","12,081","11,875","11,979","11,991","12,003","11,354","11,358","11,343","11,415","11,425","11,457","11,478","11,472","11,544","11,422","11,509","11,520"
,,Not in employment (PAYE) or self-employment,"15,283","15,554","15,645","15,565","15,346","15,163","15,040","15,089","15,061","14,721","14,544","14,383","14,826","14,951","14,907","15,030","15,020","15,032","15,368","15,568","15,704","16,153","16,289","16,451"
,,Total,"27,143","27,209","27,289","27,232","27,280","27,203","27,143","27,175","26,936","26,699","26,537","26,390","26,180","26,305","26,246","26,445","26,440","26,492","26,853","27,039","27,250","27,573","27,797","27,973"
,Sheffield,In employment (PAYE) or self-employment,"21,118","20,840","20,809","20,712","21,151","21,227","21,298","21,068","20,814","20,932","21,150","21,047","20,266","20,343","20,319","20,362","20,107","20,294","20,426","20,522","20,500","20,270","20,215","20,136"
,,Not in employment (PAYE) or self-employment,"26,890","27,346","27,699","27,719","27,255","26,860","26,683","26,734","26,362","26,135","25,743","25,608","26,202","26,342","26,293","26,565","26,847","26,970","27,582","27,930","28,158","28,911","29,395","29,731"
,,Total,"48,008","48,187","48,514","48,433","48,400","48,087","47,980","47,796","47,177","47,064","46,890","46,658","46,465","46,682","46,615","46,928","46,954","47,269","48,013","48,450","48,659","49,181","49,614","49,871"
,Bradford,In employment (PAYE) or self-employment,"24,417","24,371","24,235","24,642","25,024","25,023","25,032","24,982","24,994","25,419","25,591","25,897","25,117","25,143","25,015","24,896","24,521","24,595","24,697","24,822","25,006","24,623","24,844","24,810"
,,Not in employment (PAYE) or self-employment,"39,074","40,030","40,354","40,040","39,708","39,270","39,145","39,004","38,607","38,114","37,690","37,191","37,683","37,836","37,669","38,188","38,534","38,658","39,234","39,624","39,787","40,822","40,989","41,293"
,,Total,"63,494","64,404","64,589","64,683","64,727","64,295","64,176","63,978","63,601","63,532","63,279","63,084","62,796","62,977","62,681","63,082","63,053","63,250","63,932","64,446","64,792","65,450","65,833","66,100"
,Calderdale,In employment (PAYE) or self-employment,"9,400","9,370","9,410","9,429","9,617","9,732","9,632","9,443","9,381","9,382","9,353","9,352","9,014","9,086","9,135","9,055","8,963","9,005","9,049","9,031","9,036","8,906","8,844","8,848"
,,Not in employment (PAYE) or self-employment,"12,673","12,847","12,965","12,829","12,642","12,413","12,269","12,199","11,982","11,863","11,725","11,662","11,940","11,885","11,773","11,835","11,850","11,831","11,929","12,079","12,067","12,350","12,543","12,548"
,,Total,"22,077","22,215","22,377","22,256","22,263","22,142","21,903","21,639","21,359","21,242","21,082","21,010","20,951","20,969","20,916","20,893","20,817","20,833","20,975","21,109","21,105","21,255","21,378","21,399"
,Kirklees,In employment (PAYE) or self-employment,"18,411","18,319","18,430","18,536","18,852","18,760","18,661","18,455","18,489","18,685","18,755","18,734","18,000","18,068","18,095","17,970","17,892","17,989","18,022","18,109","18,419","18,077","18,258","18,228"
,,Not in employment (PAYE) or self-employment,"23,963","24,451","24,605","24,528","24,129","23,765","23,426","23,384","23,147","22,833","22,577","22,407","22,770","22,817","22,599","22,765","22,771","22,821","23,249","23,511","23,539","24,124","23,999","24,218"
,,Total,"42,372","42,771","43,032","43,068","42,983","42,520","42,089","41,839","41,638","41,516","41,333","41,145","40,764","40,883","40,698","40,738","40,668","40,811","41,266","41,616","41,960","42,201","42,259","42,440"
,Leeds,In employment (PAYE) or self-employment,"33,691","33,779","33,685","33,535","34,177","34,319","34,135","33,684","33,381","33,662","33,681","33,706","32,524","32,591","32,627","32,649","32,580","32,641","32,674","33,073","33,298","32,887","33,183","33,172"
,,Not in employment (PAYE) or self-employment,"39,599","40,461","40,901","40,647","39,851","38,982","38,535","38,440","38,057","37,345","36,861","36,324","37,028","37,192","37,063","37,385","37,498","37,556","38,194","38,558","38,778","39,836","39,928","40,276"
,,Total,"73,295","74,239","74,587","74,186","74,028","73,302","72,661","72,121","71,435","71,005","70,539","70,036","69,556","69,784","69,690","70,033","70,075","70,198","70,868","71,636","72,078","72,722","73,115","73,444"
,Wakefield,In employment (PAYE) or self-employment,"14,782","14,812","14,850","14,821","15,061","15,179","15,143","15,020","15,030","15,356","15,457","15,607","15,117","14,945","14,742","14,959","14,938","15,115","15,269","15,439","15,508","15,513","15,636","15,713"
,,Not in employment (PAYE) or self-employment,"16,206","16,713","16,930","16,884","16,635","16,267","16,130","16,224","16,129","15,924","15,802","15,689","16,078","16,216","16,199","16,374","16,452","16,480","16,918","17,109","17,240","17,726","17,756","17,890"
,,Total,"30,988","31,528","31,781","31,703","31,699","31,445","31,271","31,248","31,161","31,277","31,258","31,297","31,202","31,161","30,937","31,332","31,394","31,598","32,187","32,546","32,750","33,238","33,388","33,597"
,Derby,In employment (PAYE) or self-employment,"12,331","12,230","12,311","12,238","12,506","12,859","13,020","13,035","13,098","13,260","13,408","13,383","12,783","12,761","12,791","12,674","12,040","11,982","12,010","12,064","12,254","12,240","12,176","12,073"
,,Not in employment (PAYE) or self-employment,"15,237","15,618","15,733","15,835","15,693","15,327","15,083","15,075","14,856","14,688","14,545","14,422","14,805","14,838","14,743","14,814","14,769","14,742","15,195","15,470","15,505","15,893","16,019","16,144"
,,Total,"27,569","27,844","28,046","28,068","28,195","28,185","28,108","28,109","27,955","27,944","27,947","27,799","27,587","27,603","27,533","27,490","26,812","26,727","27,205","27,531","27,763","28,136","28,199","28,214"
,Leicester,In employment (PAYE) or self-employment,"19,710","19,577","19,696","19,840","20,185","20,721","21,003","20,864","20,932","21,261","21,252","21,095","20,306","20,058","20,272","19,997","19,681","19,832","19,855","19,925","20,231","20,052","20,184","19,993"
,,Not in employment (PAYE) or self-employment,"23,081","23,823","24,248","24,253","24,203","23,838","23,528","23,473","23,100","22,834","22,554","22,317","22,863","22,807","22,446","22,846","23,104","22,806","23,248","23,480","23,479","24,208","24,432","24,674"
,,Total,"42,789","43,396","43,946","44,093","44,383","44,560","44,529","44,335","44,032","44,096","43,803","43,415","43,170","42,868","42,720","42,843","42,782","42,638","43,105","43,406","43,711","44,259","44,620","44,667"
,Rutland,In employment (PAYE) or self-employment,"1,168","1,161","1,156","1,147","1,148","1,126","1,117","1,077","1,065","1,050","1,060","1,054","1,008","1,008","1,025","1,025","1,042","1,045","1,041","1,032","1,040","1,022","1,014","1,003"
,,Not in employment (PAYE) or self-employment,833,856,852,856,821,814,787,771,752,750,726,707,726,711,687,681,688,688,726,741,726,742,764,775
,,Total,"1,999","2,015","2,010","1,998","1,972","1,943","1,903","1,852","1,817","1,804","1,785","1,758","1,734","1,716","1,710","1,706","1,732","1,736","1,770","1,771","1,766","1,766","1,777","1,774"
,Nottingham,In employment (PAYE) or self-employment,"16,709","16,625","16,651","16,627","16,963","17,314","17,636","17,567","17,589","17,884","17,967","18,088","17,489","17,280","17,432","17,194","16,960","17,036","16,935","17,087","17,211","16,965","17,011","16,991"
,,Not in employment (PAYE) or self-employment,"20,465","21,049","21,237","21,333","21,248","20,971","20,838","20,895","20,637","20,370","20,192","19,982","20,369","20,580","20,402","20,396","20,598","20,613","21,039","21,237","21,313","21,928","22,048","22,439"
,,Total,"37,169","37,673","37,884","37,964","38,210","38,291","38,478","38,467","38,230","38,254","38,160","38,078","37,856","37,863","37,834","37,593","37,561","37,654","37,969","38,325","38,524","38,891","39,061","39,431"
,North Northamptonshire,In employment (PAYE) or self-employment,"16,441","16,301","16,436","16,393","16,454","16,534","16,344","16,103","15,871","16,026","16,152","16,144","15,506","15,612","15,552","15,545","15,424","15,580","15,679","15,757","15,814","15,714","15,836","15,837"
,,Not in employment (PAYE) or self-employment,"14,066","14,525","14,552","14,525","14,359","14,017","13,831","13,899","13,674","13,320","12,998","12,743","13,173","13,168","13,059","13,111","13,242","13,302","13,596","13,756","13,894","14,227","14,343","14,499"
,,Total,"30,506","30,824","30,984","30,918","30,816","30,550","30,172","30,006","29,546","29,347","29,149","28,889","28,674","28,777","28,615","28,659","28,667","28,886","29,274","29,512","29,708","29,939","30,178","30,335"
,West Northamptonshire,In employment (PAYE) or self-employment,"17,845","17,750","17,560","17,376","17,523","17,691","17,718","17,491","17,316","17,407","17,362","17,336","16,761","16,730","16,599","16,375","16,126","16,131","16,308","16,438","16,467","16,313","16,597","16,715"
,,Not in employment (PAYE) or self-employment,"14,690","15,030","15,231","15,254","14,939","14,556","14,345","14,340","14,121","13,897","13,662","13,448","13,769","13,747","13,733","13,864","13,931","13,866","14,146","14,325","14,378","14,750","14,633","14,779"
,,Total,"32,534","32,776","32,784","32,637","32,467","32,251","32,061","31,827","31,434","31,305","31,020","30,784","30,525","30,475","30,332","30,244","30,062","29,995","30,455","30,760","30,841","31,064","31,233","31,499"
,Amber Valley,In employment (PAYE) or self-employment,"4,530","4,467","4,445","4,355","4,424","4,482","4,465","4,466","4,424","4,412","4,428","4,411","4,185","4,128","4,140","4,221","4,138","4,121","4,208","4,264","4,262","4,223","4,164","4,215"
,,Not in employment (PAYE) or self-employment,"4,354","4,452","4,462","4,468","4,381","4,318","4,295","4,342","4,288","4,229","4,159","4,150","4,291","4,306","4,256","4,271","4,372","4,390","4,465","4,568","4,588","4,694","4,807","4,799"
,,Total,"8,879","8,919","8,904","8,824","8,804","8,798","8,763","8,806","8,717","8,638","8,583","8,561","8,474","8,434","8,401","8,489","8,510","8,511","8,671","8,829","8,851","8,909","8,972","9,016"
,Bolsover,In employment (PAYE) or self-employment,"3,380","3,354","3,386","3,308","3,398","3,422","3,457","3,422","3,385","3,426","3,432","3,475","3,335","3,326","3,360","3,419","3,376","3,294","3,329","3,383","3,432","3,435","3,414","3,470"
,,Not in employment (PAYE) or self-employment,"3,494","3,537","3,546","3,607","3,525","3,457","3,440","3,489","3,452","3,400","3,341","3,306","3,382","3,390","3,381","3,458","3,506","3,528","3,605","3,638","3,655","3,739","3,790","3,798"
,,Total,"6,873","6,887","6,937","6,919","6,922","6,877","6,901","6,907","6,839","6,825","6,779","6,779","6,715","6,713","6,743","6,875","6,884","6,829","6,932","7,019","7,088","7,169","7,199","7,269"
,Chesterfield,In employment (PAYE) or self-employment,"4,712","4,592","4,630","4,632","4,667","4,663","4,676","4,669","4,652","4,630","4,681","4,700","4,559","4,531","4,554","4,633","4,555","4,435","4,494","4,558","4,566","4,479","4,410","4,415"
,,Not in employment (PAYE) or self-employment,"5,052","5,112","5,133","5,117","5,029","4,970","4,926","4,875","4,828","4,845","4,748","4,692","4,805","4,820","4,751","4,768","4,839","4,866","5,001","5,039","5,042","5,174","5,243","5,280"
,,Total,"9,761","9,703","9,763","9,752","9,695","9,630","9,599","9,545","9,476","9,474","9,432","9,393","9,367","9,356","9,305","9,402","9,393","9,304","9,496","9,600","9,609","9,657","9,651","9,692"
,Derbyshire Dales,In employment (PAYE) or self-employment,"1,786","1,809","1,805","1,809","1,843","1,797","1,743","1,700","1,656","1,598","1,612","1,607","1,551","1,571","1,590","1,611","1,604","1,602","1,647","1,651","1,673","1,671","1,687","1,686"
,,Not in employment (PAYE) or self-employment,"1,474","1,471","1,478","1,445","1,385","1,345","1,307","1,280","1,267","1,286","1,277","1,247","1,273","1,266","1,255","1,258","1,266","1,274","1,325","1,382","1,414","1,458","1,465","1,475"
,,Total,"3,265","3,285","3,284","3,259","3,226","3,137","3,049","2,978","2,924","2,879","2,887","2,855","2,827","2,832","2,850","2,870","2,874","2,875","2,972","3,035","3,085","3,122","3,153","3,164"
,Erewash,In employment (PAYE) or self-employment,"5,092","4,904","4,861","4,798","4,884","4,987","4,937","4,934","4,894","4,893","4,925","4,878","4,705","4,653","4,659","4,587","4,416","4,456","4,473","4,496","4,572","4,516","4,516","4,587"
,,Not in employment (PAYE) or self-employment,"5,235","5,297","5,343","5,319","5,234","5,109","5,055","5,066","4,992","4,949","4,882","4,813","4,948","4,966","4,883","4,863","4,901","4,905","4,969","5,016","5,038","5,241","5,198","5,193"
,,Total,"10,333","10,204","10,201","10,119","10,124","10,099","9,991","9,997","9,886","9,842","9,799","9,690","9,655","9,625","9,539","9,454","9,317","9,358","9,442","9,508","9,614","9,757","9,709","9,780"
,High Peak,In employment (PAYE) or self-employment,"3,129","3,153","3,124","3,152","3,222","3,279","3,209","3,164","3,019","3,024","3,002","3,018","2,955","2,937","2,927","2,953","2,922","2,936","2,983","3,007","3,023","2,990","3,021","3,059"
,,Not in employment (PAYE) or self-employment,"2,758","2,810","2,814","2,753","2,678","2,616","2,573","2,568","2,587","2,516","2,506","2,475","2,522","2,557","2,547","2,538","2,552","2,569","2,650","2,676","2,734","2,800","2,819","2,848"
,,Total,"5,889","5,962","5,938","5,905","5,901","5,896","5,780","5,738","5,603","5,540","5,507","5,494","5,479","5,499","5,472","5,488","5,476","5,508","5,629","5,682","5,758","5,785","5,839","5,908"
,North East Derbyshire,In employment (PAYE) or self-employment,"3,495","3,364","3,343","3,332","3,417","3,419","3,403","3,375","3,319","3,293","3,325","3,314","3,216","3,174","3,166","3,208","3,143","3,089","3,152","3,225","3,255","3,175","3,100","3,102"
,,Not in employment (PAYE) or self-employment,"3,338","3,407","3,449","3,414","3,324","3,250","3,231","3,235","3,252","3,224","3,183","3,178","3,265","3,296","3,254","3,300","3,321","3,330","3,421","3,456","3,465","3,602","3,609","3,650"
,,Total,"6,837","6,766","6,792","6,750","6,741","6,667","6,635","6,609","6,571","6,518","6,507","6,493","6,479","6,470","6,422","6,504","6,466","6,418","6,577","6,677","6,725","6,779","6,708","6,752"
,South Derbyshire,In employment (PAYE) or self-employment,"3,669","3,549","3,533","3,516","3,585","3,628","3,617","3,599","3,576","3,639","3,659","3,649","3,571","3,561","3,545","3,536","3,459","3,476","3,565","3,610","3,672","3,603","3,568","3,605"
,,Not in employment (PAYE) or self-employment,"3,052","3,113","3,107","3,076","3,040","2,974","2,969","2,996","2,945","2,907","2,884","2,857","2,886","2,932","2,929","2,966","2,972","2,957","3,016","3,078","3,048","3,194","3,211","3,209"
,,Total,"6,720","6,667","6,639","6,592","6,622","6,596","6,583","6,596","6,524","6,545","6,545","6,505","6,459","6,490","6,469","6,502","6,432","6,433","6,583","6,690","6,715","6,798","6,775","6,810"
,Blaby,In employment (PAYE) or self-employment,"3,351","3,340","3,329","3,289","3,280","3,240","3,285","3,217","3,164","3,129","3,118","3,090","2,981","2,943","2,940","2,958","2,939","2,910","2,959","2,962","3,024","2,996","3,021","2,993"
,,Not in employment (PAYE) or self-employment,"2,631","2,671","2,720","2,679","2,581","2,530","2,493","2,535","2,489","2,474","2,459","2,395","2,459","2,460","2,403","2,410","2,419","2,412","2,493","2,535","2,509","2,568","2,649","2,661"
,,Total,"5,977","6,009","6,050","5,967","5,863","5,765","5,777","5,750","5,656","5,601","5,574","5,482","5,443","5,404","5,341","5,369","5,363","5,322","5,458","5,497","5,534","5,560","5,671","5,656"
,Charnwood,In employment (PAYE) or self-employment,"6,037","6,017","6,042","5,982","6,046","6,050","6,005","6,026","5,944","5,924","5,948","5,959","5,732","5,760","5,713","5,672","5,666","5,665","5,732","5,823","5,796","5,806","5,882","5,848"
,,Not in employment (PAYE) or self-employment,"5,474","5,578","5,615","5,550","5,467","5,337","5,266","5,268","5,289","5,241","5,135","5,070","5,140","5,137","5,124","5,183","5,149","5,146","5,239","5,276","5,374","5,478","5,490","5,511"
,,Total,"11,514","11,586","11,656","11,534","11,515","11,387","11,268","11,297","11,227","11,164","11,087","11,023","10,866","10,893","10,839","10,858","10,817","10,812","10,970","11,101","11,174","11,287","11,375","11,355"
,Harborough,In employment (PAYE) or self-employment,"2,756","2,731","2,707","2,686","2,646","2,648","2,621","2,568","2,556","2,532","2,472","2,464","2,411","2,385","2,333","2,367","2,356","2,365","2,428","2,463","2,521","2,516","2,532","2,505"
,,Not in employment (PAYE) or self-employment,"2,106","2,138","2,159","2,122","2,060","2,011","1,962","1,935","1,877","1,834","1,844","1,816","1,836","1,832","1,818","1,804","1,805","1,841","1,921","1,945","1,961","2,025","2,031","2,022"
,,Total,"4,861","4,863","4,863","4,809","4,700","4,663","4,587","4,496","4,434","4,366","4,314","4,282","4,247","4,217","4,150","4,163","4,162","4,205","4,348","4,406","4,479","4,536","4,560","4,526"
,Hinckley and Bosworth,In employment (PAYE) or self-employment,"4,084","4,029","3,970","3,946","3,898","3,787","3,745","3,689","3,677","3,659","3,725","3,666","3,591","3,561","3,557","3,548","3,544","3,587","3,592","3,647","3,687","3,700","3,726","3,725"
,,Not in employment (PAYE) or self-employment,"3,649","3,702","3,701","3,663","3,609","3,561","3,488","3,522","3,477","3,409","3,325","3,287","3,325","3,341","3,234","3,289","3,289","3,324","3,432","3,445","3,463","3,472","3,540","3,621"
,,Total,"7,734","7,724","7,672","7,607","7,502","7,352","7,237","7,207","7,148","7,065","7,052","6,951","6,916","6,903","6,798","6,835","6,831","6,912","7,024","7,093","7,149","7,173","7,262","7,346"
,Melton,In employment (PAYE) or self-employment,"1,886","1,917","1,898","1,895","1,900","1,858","1,845","1,819","1,821","1,840","1,840","1,824","1,792","1,805","1,834","1,857","1,860","1,874","1,849","1,860","1,919","1,894","1,928","1,951"
,,Not in employment (PAYE) or self-employment,"1,650","1,639","1,660","1,643","1,595","1,556","1,522","1,536","1,478","1,445","1,448","1,418","1,446","1,461","1,428","1,443","1,445","1,453","1,519","1,532","1,511","1,571","1,572","1,594"
,,Total,"3,537","3,557","3,554","3,535","3,498","3,415","3,369","3,354","3,299","3,290","3,289","3,241","3,235","3,270","3,261","3,300","3,304","3,329","3,365","3,392","3,429","3,464","3,504","3,548"
,North West Leicestershire,In employment (PAYE) or self-employment,"3,688","3,665","3,643","3,676","3,689","3,656","3,613","3,596","3,488","3,468","3,427","3,480","3,355","3,360","3,362","3,408","3,346","3,369","3,427","3,458","3,492","3,452","3,470","3,506"
,,Not in employment (PAYE) or self-employment,"3,321","3,366","3,369","3,330","3,277","3,189","3,122","3,075","3,048","3,028","3,033","3,008","3,086","3,094","3,050","3,055","3,089","3,103","3,183","3,268","3,269","3,383","3,408","3,463"
,,Total,"7,010","7,036","7,013","7,010","6,970","6,850","6,737","6,671","6,539","6,499","6,461","6,489","6,442","6,452","6,417","6,462","6,434","6,471","6,610","6,727","6,762","6,832","6,875","6,968"
,Oadby and Wigston,In employment (PAYE) or self-employment,"1,921","1,918","1,926","1,924","1,975","1,997","1,991","1,984","1,952","1,974","1,969","1,955","1,852","1,820","1,823","1,809","1,778","1,780","1,776","1,793","1,838","1,814","1,824","1,835"
,,Not in employment (PAYE) or self-employment,"1,792","1,819","1,862","1,843","1,801","1,768","1,737","1,745","1,722","1,683","1,623","1,598","1,644","1,664","1,649","1,659","1,681","1,679","1,697","1,706","1,713","1,764","1,800","1,798"
,,Total,"3,716","3,741","3,790","3,764","3,772","3,765","3,729","3,732","3,674","3,656","3,592","3,552","3,497","3,485","3,472","3,470","3,464","3,457","3,479","3,494","3,549","3,581","3,628","3,635"
,Boston,In employment (PAYE) or self-employment,"4,234","4,305","4,450","4,469","4,512","4,633","4,682","4,596","4,577","4,693","4,771","4,687","4,554","4,525","4,638","4,745","4,674","4,724","4,739","4,691","4,676","4,595","4,595","4,656"
,,Not in employment (PAYE) or self-employment,"3,331","3,369","3,364","3,390","3,430","3,356","3,322","3,347","3,313","3,233","3,182","3,150","3,321","3,369","3,272","3,252","3,349","3,372","3,390","3,499","3,529","3,686","3,768","3,810"
,,Total,"7,562","7,677","7,811","7,859","7,940","7,985","8,003","7,946","7,892","7,924","7,951","7,840","7,872","7,895","7,912","7,999","8,021","8,088","8,133","8,192","8,206","8,274","8,365","8,467"
,East Lindsey,In employment (PAYE) or self-employment,"5,770","5,740","5,823","6,095","6,502","6,738","6,747","6,549","6,353","6,206","6,132","6,010","5,679","5,747","6,046","6,308","6,267","6,281","6,343","6,335","6,291","6,171","6,065","5,945"
,,Not in employment (PAYE) or self-employment,"7,505","7,746","7,731","7,417","6,996","6,687","6,501","6,493","6,454","6,519","6,545","6,770","7,114","7,142","6,809","6,580","6,598","6,633","6,688","6,708","6,814","7,047","7,281","7,622"
,,Total,"13,268","13,487","13,550","13,514","13,498","13,422","13,247","13,043","12,806","12,724","12,676","12,784","12,795","12,889","12,858","12,886","12,864","12,913","13,030","13,046","13,105","13,212","13,340","13,563"
,Lincoln,In employment (PAYE) or self-employment,"5,353","5,299","5,393","5,382","5,495","5,561","5,630","5,645","5,560","5,610","5,534","5,498","5,321","5,330","5,376","5,301","5,265","5,241","5,263","5,276","5,350","5,258","5,268","5,288"
,,Not in employment (PAYE) or self-employment,"5,424","5,574","5,595","5,600","5,491","5,432","5,372","5,426","5,410","5,348","5,297","5,221","5,282","5,316","5,219","5,245","5,221","5,264","5,413","5,486","5,521","5,683","5,795","5,888"
,,Total,"10,777","10,876","10,989","10,983","10,989","10,992","11,002","11,067","10,969","10,958","10,835","10,720","10,603","10,648","10,595","10,542","10,491","10,512","10,682","10,763","10,873","10,940","11,060","11,175"
,North Kesteven,In employment (PAYE) or self-employment,"3,777","3,749","3,760","3,706","3,786","3,767","3,821","3,852","3,773","3,731","3,685","3,645","3,499","3,472","3,457","3,467","3,426","3,435","3,449","3,513","3,537","3,537","3,556","3,585"
,,Not in employment (PAYE) or self-employment,"2,940","3,008","2,990","2,949","2,870","2,834","2,784","2,805","2,760","2,698","2,698","2,678","2,707","2,704","2,633","2,623","2,663","2,674","2,747","2,812","2,845","2,941","2,974","3,008"
,,Total,"6,716","6,758","6,751","6,654","6,652","6,604","6,603","6,662","6,533","6,427","6,383","6,323","6,204","6,181","6,090","6,088","6,089","6,109","6,197","6,322","6,382","6,481","6,530","6,596"
,South Holland,In employment (PAYE) or self-employment,"4,364","4,366","4,361","4,371","4,419","4,420","4,303","4,287","4,198","4,203","4,214","4,190","4,080","4,079","4,105","4,100","4,085","4,074","4,084","4,126","4,149","4,057","4,128","4,226"
,,Not in employment (PAYE) or self-employment,"3,410","3,499","3,532","3,539","3,496","3,446","3,406","3,379","3,331","3,325","3,263","3,261","3,337","3,358","3,290","3,256","3,266","3,296","3,368","3,406","3,414","3,557","3,583","3,584"
,,Total,"7,772","7,865","7,892","7,907","7,912","7,865","7,714","7,668","7,527","7,531","7,476","7,456","7,417","7,437","7,395","7,353","7,351","7,372","7,447","7,528","7,555","7,614","7,707","7,814"
,South Kesteven,In employment (PAYE) or self-employment,"5,870","5,833","5,814","5,793","5,881","5,868","5,841","5,737","5,650","5,603","5,580","5,569","5,429","5,406","5,388","5,331","5,350","5,372","5,391","5,429","5,488","5,484","5,493","5,575"
,,Not in employment (PAYE) or self-employment,"5,128","5,162","5,128","5,108","4,982","4,878","4,778","4,845","4,777","4,758","4,665","4,597","4,728","4,708","4,637","4,616","4,612","4,641","4,700","4,746","4,757","4,853","4,907","4,902"
,,Total,"10,999","10,993","10,936","10,904","10,865","10,746","10,623","10,583","10,424","10,362","10,244","10,166","10,162","10,112","10,025","9,952","9,959","10,011","10,092","10,170","10,242","10,342","10,400","10,481"
,West Lindsey,In employment (PAYE) or self-employment,"3,185","3,163","3,209","3,309","3,374","3,424","3,404","3,451","3,442","3,414","3,418","3,418","3,320","3,333","3,310","3,241","3,177","3,204","3,215","3,238","3,301","3,261","3,263","3,309"
,,Not in employment (PAYE) or self-employment,"3,527","3,603","3,638","3,606","3,591","3,532","3,525","3,494","3,506","3,454","3,429","3,396","3,438","3,465","3,416","3,484","3,520","3,531","3,626","3,682","3,725","3,811","3,843","3,853"
,,Total,"6,710","6,769","6,850","6,917","6,961","6,959","6,932","6,950","6,949","6,862","6,842","6,809","6,757","6,795","6,724","6,724","6,700","6,738","6,846","6,917","7,028","7,074","7,109","7,159"
,Ashfield,In employment (PAYE) or self-employment,"5,469","5,382","5,431","5,374","5,397","5,433","5,494","5,532","5,553","5,605","5,653","5,644","5,440","5,289","5,279","5,295","5,278","5,379","5,421","5,492","5,531","5,470","5,413","5,446"
,,Not in employment (PAYE) or self-employment,"5,598","5,679","5,732","5,777","5,784","5,785","5,777","5,781","5,727","5,692","5,635","5,615","5,745","5,813","5,776","5,828","5,879","5,906","6,014","6,114","6,123","6,313","6,400","6,417"
,,Total,"11,068","11,065","11,163","11,152","11,185","11,218","11,273","11,309","11,282","11,300","11,291","11,260","11,186","11,102","11,057","11,125","11,158","11,281","11,433","11,606","11,654","11,785","11,816","11,862"
,Bassetlaw,In employment (PAYE) or self-employment,"5,010","4,991","5,034","4,976","4,995","5,014","5,013","4,971","4,931","4,953","4,885","4,894","4,812","4,807","4,858","4,858","4,860","4,864","4,899","4,980","4,984","4,958","5,031","5,054"
,,Not in employment (PAYE) or self-employment,"4,854","4,939","4,937","4,941","4,903","4,845","4,788","4,814","4,765","4,729","4,679","4,671","4,772","4,768","4,700","4,698","4,739","4,761","4,903","4,937","5,007","5,120","5,146","5,189"
,,Total,"9,863","9,929","9,971","9,919","9,901","9,860","9,802","9,789","9,692","9,682","9,565","9,570","9,586","9,576","9,553","9,557","9,601","9,626","9,807","9,917","9,991","10,078","10,181","10,243"
,Broxtowe,In employment (PAYE) or self-employment,"3,759","3,699","3,646","3,607","3,697","3,707","3,675","3,697","3,634","3,687","3,698","3,714","3,514","3,445","3,388","3,420","3,448","3,387","3,435","3,474","3,448","3,381","3,369","3,391"
,,Not in employment (PAYE) or self-employment,"3,376","3,462","3,492","3,492","3,463","3,425","3,406","3,415","3,355","3,285","3,220","3,178","3,235","3,247","3,241","3,245","3,226","3,264","3,346","3,399","3,417","3,497","3,527","3,563"
,,Total,"7,135","7,162","7,138","7,102","7,157","7,130","7,075","7,110","6,987","6,975","6,914","6,892","6,749","6,695","6,631","6,661","6,674","6,650","6,784","6,872","6,863","6,878","6,894","6,956"
,Gedling,In employment (PAYE) or self-employment,"4,093","4,049","4,046","4,029","4,051","3,987","3,982","3,972","3,943","3,965","4,023","4,059","3,894","3,861","3,837","3,850","3,792","3,819","3,826","3,875","3,875","3,882","3,840","3,860"
,,Not in employment (PAYE) or self-employment,"3,714","3,817","3,823","3,811","3,712","3,651","3,588","3,608","3,612","3,521","3,447","3,388","3,491","3,525","3,507","3,504","3,550","3,597","3,655","3,677","3,716","3,838","3,916","3,969"
,,Total,"7,805","7,864","7,866","7,840","7,761","7,636","7,571","7,578","7,555","7,489","7,468","7,449","7,385","7,389","7,347","7,356","7,345","7,415","7,478","7,555","7,594","7,714","7,759","7,831"
,Mansfield,In employment (PAYE) or self-employment,"5,273","5,277","5,299","5,321","5,324","5,358","5,299","5,266","5,215","5,326","5,290","5,283","5,169","5,201","5,269","5,229","5,249","5,283","5,323","5,377","5,444","5,391","5,373","5,413"
,,Not in employment (PAYE) or self-employment,"5,349","5,479","5,525","5,526","5,447","5,408","5,386","5,489","5,408","5,329","5,281","5,201","5,356","5,357","5,339","5,433","5,483","5,529","5,594","5,683","5,698","5,822","5,924","5,993"
,,Total,"10,621","10,753","10,820","10,845","10,774","10,769","10,688","10,751","10,623","10,659","10,567","10,488","10,526","10,560","10,602","10,667","10,734","10,815","10,918","11,059","11,146","11,212","11,300","11,400"
,Newark and Sherwood,In employment (PAYE) or self-employment,"4,433","4,379","4,453","4,488","4,518","4,608","4,583","4,587","4,486","4,523","4,573","4,582","4,480","4,460","4,484","4,444","4,415","4,479","4,534","4,563","4,529","4,451","4,465","4,473"
,,Not in employment (PAYE) or self-employment,"4,405","4,519","4,515","4,497","4,464","4,386","4,327","4,340","4,394","4,340","4,270","4,211","4,329","4,359","4,319","4,340","4,418","4,427","4,548","4,557","4,591","4,771","4,795","4,803"
,,Total,"8,842","8,897","8,962","8,991","8,980","8,994","8,910","8,924","8,880","8,866","8,843","8,797","8,809","8,827","8,805","8,783","8,835","8,911","9,083","9,124","9,121","9,225","9,263","9,273"
,Rushcliffe,In employment (PAYE) or self-employment,"2,688","2,677","2,638","2,622","2,630","2,622","2,605","2,566","2,530","2,548","2,550","2,538","2,428","2,378","2,408","2,381","2,330","2,347","2,333","2,397","2,429","2,406","2,391","2,441"
,,Not in employment (PAYE) or self-employment,"2,288","2,335","2,309","2,291","2,257","2,194","2,156","2,168","2,121","2,062","2,035","1,984","2,023","2,043","1,984","2,025","2,008","2,021","2,116","2,156","2,178","2,281","2,348","2,357"
,,Total,"4,978","5,009","4,955","4,916","4,890","4,814","4,760","4,734","4,650","4,607","4,585","4,519","4,446","4,426","4,397","4,398","4,335","4,366","4,448","4,551","4,608","4,687","4,742","4,799"
,"Herefordshire, County of",In employment (PAYE) or self-employment,"6,693","6,790","6,767","6,830","6,876","6,897","6,781","6,657","6,586","6,558","6,427","6,356","6,153","6,219","6,251","6,264","6,306","6,327","6,426","6,507","6,495","6,444","6,469","6,525"
,,Not in employment (PAYE) or self-employment,"5,320","5,470","5,553","5,567","5,389","5,253","5,186","5,204","5,134","5,002","4,918","4,873","5,059","5,054","5,005","5,072","5,102","5,187","5,277","5,302","5,372","5,539","5,502","5,562"
,,Total,"12,015","12,260","12,321","12,393","12,268","12,151","11,972","11,860","11,722","11,562","11,344","11,229","11,216","11,271","11,253","11,337","11,405","11,512","11,705","11,806","11,864","11,985","11,972","12,086"
,Telford and Wrekin,In employment (PAYE) or self-employment,"8,556","8,644","8,615","8,630","8,777","8,911","8,972","8,767","8,675","8,712","8,710","8,760","8,571","8,571","8,678","8,635","8,640","8,742","8,805","8,890","8,887","8,777","8,798","8,869"
,,Not in employment (PAYE) or self-employment,"8,895","9,039","9,172","9,183","9,054","8,929","8,804","8,820","8,734","8,706","8,648","8,520","8,741","8,815","8,720","8,787","8,848","8,900","9,026","9,144","9,220","9,489","9,598","9,581"
,,Total,"17,451","17,685","17,780","17,816","17,829","17,836","17,779","17,593","17,412","17,420","17,364","17,283","17,313","17,388","17,395","17,422","17,484","17,643","17,829","18,033","18,112","18,273","18,393","18,447"
,Stoke-on-Trent,In employment (PAYE) or self-employment,"13,153","12,965","12,998","12,995","13,237","13,451","13,546","13,553","13,460","13,641","13,816","13,924","13,437","13,380","13,408","13,407","13,014","12,905","13,143","13,245","13,324","13,117","12,876","12,844"
,,Not in employment (PAYE) or self-employment,"16,577","16,944","17,016","16,911","16,763","16,624","16,501","16,530","16,453","16,182","15,957","15,735","16,213","16,180","16,084","16,279","16,339","16,245","16,549","16,710","16,782","17,200","17,270","17,303"
,,Total,"29,729","29,906","30,013","29,906","29,997","30,074","30,043","30,083","29,908","29,815","29,771","29,660","29,648","29,559","29,494","29,690","29,354","29,146","29,692","29,953","30,108","30,321","30,140","30,148"
,Shropshire,In employment (PAYE) or self-employment,"11,259","11,131","11,161","11,058","11,204","11,156","11,034","10,764","10,684","10,665","10,606","10,519","10,238","10,273","10,326","10,299","10,267","10,344","10,516","10,626","10,651","10,553","10,530","10,470"
,,Not in employment (PAYE) or self-employment,"9,726","9,915","9,861","9,816","9,529","9,235","9,072","9,115","9,006","8,829","8,696","8,611","8,746","8,736","8,613","8,685","8,692","8,739","8,945","9,064","9,125","9,424","9,586","9,654"
,,Total,"20,979","21,045","21,023","20,874","20,731","20,387","20,108","19,877","19,694","19,489","19,302","19,130","18,984","19,006","18,936","18,986","18,960","19,084","19,459","19,689","19,770","19,981","20,117","20,123"
,Cannock Chase,In employment (PAYE) or self-employment,"4,520","4,376","4,310","4,274","4,325","4,314","4,377","4,361","4,359","4,355","4,310","4,333","4,220","4,205","4,209","4,269","4,193","4,116","4,181","4,216","4,234","4,185","4,164","4,189"
,,Not in employment (PAYE) or self-employment,"4,113","4,143","4,168","4,173","4,101","4,045","3,977","3,984","3,969","3,894","3,882","3,815","3,929","3,941","3,901","3,952","3,984","3,970","4,086","4,131","4,183","4,275","4,250","4,290"
,,Total,"8,634","8,516","8,475","8,447","8,421","8,364","8,359","8,344","8,330","8,250","8,190","8,149","8,150","8,152","8,113","8,219","8,172","8,087","8,265","8,342","8,417","8,458","8,409","8,477"
,East Staffordshire,In employment (PAYE) or self-employment,"5,141","5,058","5,050","5,040","5,139","5,228","5,247","5,238","5,265","5,371","5,445","5,351","5,186","5,166","5,204","5,221","5,073","5,030","5,134","5,195","5,289","5,249","5,152","5,209"
,,Not in employment (PAYE) or self-employment,"4,431","4,581","4,661","4,657","4,575","4,506","4,460","4,487","4,408","4,251","4,170","4,087","4,203","4,288","4,215","4,278","4,250","4,288","4,387","4,434","4,459","4,631","4,738","4,720"
,,Total,"9,573","9,637","9,711","9,693","9,713","9,736","9,709","9,722","9,673","9,621","9,613","9,439","9,387","9,458","9,417","9,498","9,319","9,316","9,524","9,633","9,748","9,880","9,890","9,927"
,Lichfield,In employment (PAYE) or self-employment,"3,624","3,565","3,523","3,478","3,499","3,470","3,437","3,429","3,402","3,395","3,354","3,359","3,284","3,279","3,283","3,352","3,284","3,231","3,309","3,335","3,347","3,304","3,245","3,282"
,,Not in employment (PAYE) or self-employment,"3,131","3,184","3,212","3,207","3,150","3,075","3,037","3,012","2,975","2,908","2,868","2,776","2,859","2,882","2,814","2,848","2,898","2,882","2,939","3,015","3,013","3,104","3,119","3,185"
,,Total,"6,759","6,747","6,739","6,688","6,645","6,542","6,475","6,438","6,375","6,302","6,225","6,136","6,142","6,157","6,098","6,194","6,187","6,113","6,253","6,350","6,364","6,413","6,361","6,462"
,Newcastle-under-Lyme,In employment (PAYE) or self-employment,"4,372","4,310","4,306","4,360","4,397","4,431","4,405","4,330","4,215","4,196","4,218","4,188","4,120","4,138","4,172","4,143","4,109","4,066","4,128","4,260","4,316","4,260","4,106","4,176"
,,Not in employment (PAYE) or self-employment,"4,333","4,390","4,395","4,328","4,252","4,189","4,153","4,169","4,104","4,080","4,023","3,989","4,084","4,138","4,099","4,147","4,147","4,147","4,230","4,264","4,316","4,462","4,570","4,508"
,,Total,"8,706","8,694","8,701","8,681","8,642","8,614","8,561","8,494","8,321","8,278","8,238","8,180","8,206","8,279","8,268","8,291","8,259","8,211","8,352","8,529","8,629","8,725","8,678","8,680"
,South Staffordshire,In employment (PAYE) or self-employment,"3,414","3,365","3,363","3,315","3,362","3,308","3,271","3,258","3,197","3,215","3,230","3,227","3,161","3,153","3,139","3,142","3,140","3,160","3,181","3,158","3,192","3,183","3,128","3,141"
,,Not in employment (PAYE) or self-employment,"3,225","3,271","3,316","3,292","3,195","3,137","3,112","3,103","3,085","3,076","3,047","3,032","3,080","3,091","3,066","3,038","3,001","3,001","3,067","3,189","3,207","3,305","3,355","3,345"
,,Total,"6,639","6,636","6,676","6,607","6,555","6,451","6,377","6,359","6,283","6,293","6,275","6,259","6,246","6,249","6,204","6,179","6,142","6,158","6,251","6,343","6,401","6,484","6,481","6,488"
,Stafford,In employment (PAYE) or self-employment,"4,390","4,427","4,386","4,370","4,388","4,414","4,428","4,382","4,334","4,354","4,339","4,305","4,156","4,119","4,129","4,148","4,086","4,039","4,123","4,151","4,257","4,239","4,248","4,285"
,,Not in employment (PAYE) or self-employment,"3,851","3,859","3,876","3,873","3,825","3,741","3,684","3,723","3,686","3,645","3,614","3,567","3,663","3,708","3,679","3,702","3,711","3,747","3,851","3,945","3,974","4,082","4,088","4,120"
,,Total,"8,241","8,285","8,261","8,244","8,217","8,156","8,107","8,105","8,023","8,005","7,951","7,873","7,817","7,825","7,807","7,848","7,798","7,785","7,975","8,102","8,232","8,326","8,334","8,409"
,Staffordshire Moorlands,In employment (PAYE) or self-employment,"2,657","2,654","2,632","2,647","2,673","2,646","2,652","2,604","2,557","2,535","2,523","2,492","2,387","2,399","2,402","2,373","2,323","2,239","2,294","2,312","2,312","2,309","2,311","2,294"
,,Not in employment (PAYE) or self-employment,"2,423","2,466","2,458","2,416","2,359","2,338","2,293","2,275","2,241","2,233","2,202","2,181","2,234","2,273","2,189","2,179","2,167","2,185","2,203","2,254","2,269","2,320","2,318","2,332"
,,Total,"5,087","5,125","5,092","5,068","5,032","4,983","4,947","4,873","4,794","4,768","4,723","4,674","4,625","4,672","4,594","4,555","4,491","4,422","4,498","4,563","4,579","4,632","4,627","4,630"
,Tamworth,In employment (PAYE) or self-employment,"3,654","3,629","3,609","3,630","3,743","3,736","3,651","3,605","3,596","3,602","3,626","3,694","3,528","3,524","3,529","3,612","3,619","3,609","3,629","3,628","3,659","3,582","3,559","3,596"
,,Not in employment (PAYE) or self-employment,"3,662","3,764","3,763","3,777","3,637","3,535","3,510","3,543","3,495","3,429","3,353","3,298","3,410","3,413","3,362","3,342","3,352","3,383","3,426","3,472","3,465","3,566","3,606","3,606"
,,Total,"7,316","7,391","7,372","7,411","7,376","7,276","7,166","7,146","7,085","7,028","6,976","6,991","6,935","6,937","6,890","6,955","6,973","6,992","7,052","7,103","7,131","7,149","7,168","7,201"
,North Warwickshire,In employment (PAYE) or self-employment,"2,605","2,593","2,606","2,622","2,623","2,607","2,546","2,542","2,503","2,516","2,525","2,523","2,447","2,450","2,450","2,451","2,415","2,441","2,464","2,452","2,458","2,424","2,449","2,448"
,,Not in employment (PAYE) or self-employment,"2,331","2,361","2,365","2,372","2,331","2,261","2,244","2,242","2,226","2,172","2,176","2,131","2,169","2,198","2,164","2,192","2,236","2,247","2,269","2,308","2,319","2,365","2,391","2,389"
,,Total,"4,934","4,954","4,967","4,996","4,957","4,869","4,784","4,783","4,730","4,688","4,697","4,656","4,615","4,649","4,613","4,644","4,657","4,690","4,737","4,758","4,775","4,789","4,843","4,841"
,Nuneaton and Bedworth,In employment (PAYE) or self-employment,"6,014","6,000","6,033","5,972","5,945","5,942","5,947","5,934","5,950","6,064","6,098","6,080","5,968","5,914","5,954","5,893","5,862","5,920","5,949","5,894","5,861","5,789","5,873","5,901"
,,Not in employment (PAYE) or self-employment,"6,608","6,735","6,808","6,800","6,733","6,629","6,623","6,622","6,563","6,512","6,415","6,294","6,417","6,470","6,412","6,495","6,561","6,580","6,698","6,800","6,835","6,944","6,942","6,975"
,,Total,"12,624","12,739","12,836","12,777","12,683","12,572","12,571","12,553","12,517","12,578","12,515","12,378","12,389","12,385","12,367","12,387","12,423","12,503","12,646","12,698","12,696","12,733","12,817","12,873"
,Rugby,In employment (PAYE) or self-employment,"4,813","4,804","4,779","4,763","4,793","4,814","4,744","4,693","4,633","4,652","4,632","4,642","4,490","4,498","4,486","4,459","4,435","4,500","4,541","4,573","4,596","4,515","4,530","4,554"
,,Not in employment (PAYE) or self-employment,"4,215","4,299","4,270","4,274","4,199","4,083","4,046","4,050","4,005","3,910","3,834","3,789","3,867","3,895","3,897","3,918","3,951","4,001","4,089","4,094","4,081","4,164","4,177","4,177"
,,Total,"9,031","9,100","9,047","9,039","8,987","8,898","8,791","8,747","8,639","8,566","8,464","8,428","8,357","8,390","8,385","8,373","8,383","8,496","8,627","8,665","8,678","8,681","8,705","8,726"
,Stratford-on-Avon,In employment (PAYE) or self-employment,"4,513","4,510","4,504","4,463","4,502","4,570","4,557","4,506","4,443","4,401","4,338","4,271","4,154","4,147","4,149","4,196","4,234","4,302","4,290","4,351","4,292","4,264","4,307","4,324"
,,Not in employment (PAYE) or self-employment,"3,446","3,506","3,490","3,450","3,361","3,228","3,201","3,229","3,201","3,224","3,210","3,181","3,209","3,203","3,140","3,139","3,119","3,109","3,242","3,298","3,338","3,440","3,463","3,459"
,,Total,"7,959","8,020","8,000","7,915","7,861","7,795","7,757","7,733","7,643","7,623","7,547","7,453","7,361","7,351","7,290","7,338","7,355","7,409","7,530","7,646","7,631","7,702","7,769","7,781"
,Warwick,In employment (PAYE) or self-employment,"4,411","4,461","4,413","4,369","4,447","4,478","4,477","4,460","4,346","4,254","4,210","4,249","4,117","4,161","4,179","4,291","4,302","4,332","4,313","4,355","4,252","4,201","4,241","4,280"
,,Not in employment (PAYE) or self-employment,"3,677","3,773","3,821","3,821","3,716","3,613","3,543","3,531","3,518","3,418","3,387","3,350","3,415","3,401","3,363","3,361","3,399","3,452","3,567","3,540","3,620","3,746","3,771","3,772"
,,Total,"8,088","8,233","8,231","8,194","8,161","8,095","8,017","7,990","7,863","7,672","7,598","7,603","7,528","7,557","7,541","7,654","7,700","7,789","7,880","7,891","7,878","7,946","8,012","8,051"
,Bromsgrove,In employment (PAYE) or self-employment,"2,796","2,790","2,816","2,764","2,796","2,814","2,808","2,732","2,682","2,662","2,652","2,647","2,574","2,604","2,608","2,604","2,619","2,651","2,632","2,608","2,607","2,553","2,545","2,532"
,,Not in employment (PAYE) or self-employment,"2,702","2,759","2,745","2,718","2,645","2,593","2,533","2,545","2,511","2,504","2,449","2,368","2,423","2,431","2,422","2,379","2,354","2,339","2,447","2,440","2,446","2,517","2,553","2,601"
,,Total,"5,496","5,548","5,557","5,482","5,442","5,406","5,343","5,273","5,199","5,170","5,103","5,015","5,000","5,036","5,029","4,990","4,974","4,995","5,077","5,049","5,052","5,071","5,099","5,134"
,Malvern Hills,In employment (PAYE) or self-employment,"2,510","2,529","2,539","2,560","2,607","2,584","2,578","2,525","2,533","2,517","2,517","2,495","2,470","2,495","2,542","2,536","2,527","2,535","2,542","2,579","2,570","2,479","2,480","2,441"
,,Not in employment (PAYE) or self-employment,"2,217","2,244","2,275","2,271","2,196","2,144","2,108","2,141","2,095","2,079","2,084","2,062","2,087","2,106","2,057","2,087","2,107","2,145","2,216","2,221","2,205","2,297","2,320","2,347"
,,Total,"4,724","4,772","4,812","4,830","4,801","4,732","4,686","4,665","4,629","4,596","4,606","4,550","4,556","4,597","4,594","4,619","4,629","4,676","4,760","4,801","4,776","4,769","4,799","4,790"
,Redditch,In employment (PAYE) or self-employment,"4,424","4,315","4,289","4,291","4,315","4,258","4,270","4,206","4,133","4,131","4,195","4,233","4,104","4,075","4,071","4,116","4,077","4,151","4,129","4,177","4,110","3,974","3,991","4,018"
,,Not in employment (PAYE) or self-employment,"4,145","4,209","4,256","4,237","4,182","4,077","4,036","4,012","3,917","3,802","3,740","3,711","3,828","3,862","3,831","3,850","3,874","3,847","3,948","3,955","4,009","4,064","4,059","4,098"
,,Total,"8,573","8,526","8,543","8,525","8,496","8,333","8,305","8,213","8,052","7,933","7,935","7,937","7,938","7,940","7,904","7,962","7,950","8,000","8,079","8,135","8,120","8,038","8,053","8,115"
,Worcester,In employment (PAYE) or self-employment,"4,730","4,651","4,565","4,620","4,660","4,695","4,607","4,515","4,415","4,367","4,389","4,433","4,248","4,290","4,307","4,399","4,391","4,409","4,484","4,533","4,484","4,371","4,361","4,391"
,,Not in employment (PAYE) or self-employment,"4,040","4,158","4,229","4,186","4,065","3,970","3,873","3,847","3,806","3,728","3,697","3,691","3,795","3,823","3,806","3,852","3,915","3,929","4,003","4,024","4,088","4,249","4,282","4,258"
,,Total,"8,774","8,803","8,792","8,810","8,724","8,660","8,482","8,366","8,217","8,095","8,080","8,129","8,036","8,112","8,113","8,251","8,309","8,339","8,484","8,551","8,575","8,620","8,645","8,649"
,Wychavon,In employment (PAYE) or self-employment,"4,828","4,831","4,793","4,768","4,822","4,835","4,786","4,738","4,674","4,625","4,559","4,526","4,360","4,372","4,371","4,433","4,435","4,459","4,477","4,513","4,534","4,488","4,487","4,554"
,,Not in employment (PAYE) or self-employment,"3,684","3,736","3,813","3,746","3,645","3,524","3,480","3,504","3,464","3,439","3,402","3,361","3,472","3,523","3,508","3,460","3,504","3,524","3,631","3,664","3,751","3,844","3,910","3,953"
,,Total,"8,513","8,566","8,609","8,516","8,471","8,358","8,265","8,242","8,134","8,065","7,960","7,879","7,832","7,896","7,874","7,894","7,935","7,982","8,110","8,177","8,285","8,335","8,398","8,506"
,Wyre Forest,In employment (PAYE) or self-employment,"4,285","4,294","4,275","4,188","4,164","4,149","4,243","4,191","4,159","4,156","4,083","4,061","3,939","3,959","3,971","3,887","3,879","3,909","3,879","3,885","3,852","3,796","3,815","3,846"
,,Not in employment (PAYE) or self-employment,"4,104","4,189","4,193","4,157","4,093","4,044","3,979","4,010","3,998","3,952","3,901","3,847","3,968","3,917","3,886","3,871","3,868","3,851","3,936","4,005","4,062","4,166","4,190","4,218"
,,Total,"8,383","8,485","8,471","8,348","8,253","8,192","8,217","8,203","8,155","8,110","7,987","7,908","7,904","7,883","7,858","7,760","7,746","7,758","7,808","7,890","7,906","7,961","8,005","8,064"
,Birmingham,In employment (PAYE) or self-employment,"58,950","58,563","58,411","58,568","59,686","60,793","61,660","61,662","62,012","63,017","63,820","64,468","62,004","61,704","61,841","61,315","61,069","61,886","62,079","62,125","62,051","60,615","61,566","61,321"
,,Not in employment (PAYE) or self-employment,"96,744","98,640","99,451","99,395","98,446","97,413","96,432","96,440","95,716","94,389","93,073","91,913","93,696","94,383","93,784","94,699","95,078","94,838","95,919","96,736","97,217","99,651","99,616","100,635"
,,Total,"155,688","157,202","157,865","157,960","158,136","158,204","158,090","158,105","157,726","157,406","156,891","156,381","155,700","156,084","155,628","156,018","156,143","156,724","157,997","158,864","159,269","160,267","161,180","161,956"
,Coventry,In employment (PAYE) or self-employment,"16,484","16,497","16,464","16,249","16,409","16,618","16,668","16,637","16,547","16,695","16,935","16,993","16,199","16,073","16,304","16,394","16,337","16,536","16,709","16,704","16,599","16,152","16,490","16,576"
,,Not in employment (PAYE) or self-employment,"19,297","19,998","20,310","20,260","20,167","19,910","19,698","19,631","19,356","18,931","18,642","18,396","18,879","19,018","18,930","19,260","19,478","19,581","20,015","20,326","20,354","20,874","20,856","20,999"
,,Total,"35,777","36,496","36,775","36,512","36,575","36,531","36,368","36,266","35,905","35,629","35,577","35,388","35,077","35,094","35,229","35,659","35,815","36,114","36,722","37,033","36,950","37,026","37,345","37,570"
,Dudley,In employment (PAYE) or self-employment,"14,355","14,313","14,395","14,329","14,473","14,461","14,349","14,212","14,080","14,196","14,120","14,197","13,759","13,720","13,769","13,830","13,670","13,868","13,884","13,977","14,011","13,730","13,786","13,684"
,,Not in employment (PAYE) or self-employment,"17,814","18,127","18,083","17,952","17,778","17,359","17,216","17,208","16,949","16,675","16,491","16,186","16,516","16,478","16,347","16,594","16,705","16,651","16,896","17,013","17,099","17,556","17,613","17,840"
,,Total,"32,164","32,443","32,478","32,285","32,249","31,824","31,563","31,428","31,029","30,875","30,613","30,383","30,268","30,194","30,115","30,423","30,375","30,524","30,779","30,994","31,115","31,289","31,395","31,526"
,Sandwell,In employment (PAYE) or self-employment,"17,817","17,908","18,017","18,151","18,448","18,595","18,662","18,598","18,484","18,895","19,148","19,205","18,626","18,528","18,513","18,380","18,436","18,661","18,733","18,800","18,909","18,595","18,906","18,794"
,,Not in employment (PAYE) or self-employment,"23,617","24,097","24,349","24,369","24,183","23,726","23,412","23,271","23,023","22,783","22,513","22,270","22,758","22,835","22,711","22,914","22,964","23,044","23,320","23,525","23,682","24,510","24,370","24,765"
,,Total,"41,430","42,011","42,362","42,518","42,627","42,322","42,078","41,870","41,512","41,677","41,662","41,479","41,384","41,360","41,221","41,287","41,407","41,706","42,054","42,318","42,592","43,104","43,275","43,564"
,Solihull,In employment (PAYE) or self-employment,"7,799","7,658","7,598","7,531","7,626","7,632","7,594","7,544","7,403","7,504","7,573","7,547","7,263","7,209","7,296","7,358","7,259","7,328","7,321","7,285","7,341","7,274","7,296","7,274"
,,Not in employment (PAYE) or self-employment,"9,188","9,384","9,431","9,364","9,211","9,057","8,954","8,888","8,772","8,555","8,361","8,278","8,419","8,446","8,284","8,339","8,363","8,319","8,433","8,488","8,467","8,614","8,643","8,699"
,,Total,"16,987","17,043","17,031","16,892","16,841","16,689","16,550","16,430","16,175","16,058","15,936","15,822","15,677","15,655","15,579","15,697","15,624","15,649","15,757","15,774","15,806","15,889","15,937","15,968"
,Walsall,In employment (PAYE) or self-employment,"13,801","13,748","13,796","13,757","13,883","13,937","13,957","13,960","14,077","14,254","14,408","14,407","13,888","13,795","13,725","13,797","13,805","13,851","13,882","14,114","14,224","13,992","14,167","13,973"
,,Not in employment (PAYE) or self-employment,"18,986","19,352","19,502","19,536","19,484","19,085","18,974","18,869","18,534","18,354","18,181","18,019","18,328","18,347","18,382","18,565","18,649","18,669","19,075","19,184","19,212","19,683","19,705","19,897"
,,Total,"32,790","33,097","33,295","33,296","33,367","33,023","32,932","32,827","32,614","32,608","32,592","32,422","32,215","32,140","32,102","32,363","32,453","32,522","32,959","33,301","33,433","33,672","33,868","33,870"
,Wolverhampton,In employment (PAYE) or self-employment,"14,971","14,973","14,929","14,993","15,332","15,439","15,563","15,374","15,480","15,826","16,062","16,232","15,562","15,575","15,661","15,636","15,553","15,565","15,636","15,735","15,762","15,613","15,702","15,596"
,,Not in employment (PAYE) or self-employment,"21,280","21,719","21,943","21,889","21,749","21,437","21,113","21,059","20,576","20,376","20,069","19,859","20,239","20,307","20,179","20,375","20,536","20,506","20,682","20,867","20,959","21,409","21,423","21,626"
,,Total,"36,253","36,690","36,868","36,882","37,079","36,878","36,676","36,428","36,059","36,198","36,129","36,090","35,802","35,885","35,841","36,015","36,085","36,075","36,317","36,597","36,721","37,020","37,124","37,222"
,Peterborough,In employment (PAYE) or self-employment,"13,746","13,620","13,651","13,800","13,897","14,117","14,196","14,131","14,119","14,212","14,435","14,426","13,819","13,557","13,654","13,673","13,676","13,832","13,515","13,412","13,448","13,315","13,508","13,502"
,,Not in employment (PAYE) or self-employment,"12,566","12,946","13,236","13,150","13,096","12,768","12,590","12,621","12,437","12,230","11,948","11,760","12,017","12,157","11,902","12,005","12,030","11,973","12,328","12,425","12,398","12,710","12,733","12,919"
,,Total,"26,320","26,569","26,887","26,948","26,994","26,888","26,786","26,753","26,550","26,442","26,386","26,194","25,839","25,715","25,562","25,674","25,705","25,808","25,846","25,831","25,846","26,031","26,240","26,421"
,Luton,In employment (PAYE) or self-employment,"11,663","11,615","11,623","11,642","11,818","12,123","12,116","12,052","12,031","12,253","12,243","12,235","11,683","11,627","11,680","11,602","11,579","11,725","11,679","11,574","11,805","11,733","11,912","11,862"
,,Not in employment (PAYE) or self-employment,"13,166","13,696","13,974","14,147","14,108","13,766","13,584","13,577","13,346","13,128","13,039","12,874","13,158","13,123","13,007","13,125","13,153","13,078","13,244","13,324","13,257","13,630","13,540","13,717"
,,Total,"24,830","25,309","25,597","25,789","25,929","25,891","25,699","25,632","25,376","25,381","25,281","25,114","24,842","24,749","24,689","24,727","24,728","24,798","24,922","24,905","25,060","25,362","25,452","25,581"
,Southend-on-Sea,In employment (PAYE) or self-employment,"9,622","9,534","9,586","9,614","9,670","9,720","9,694","9,613","9,615","9,655","9,592","9,405","8,945","8,895","8,940","8,918","8,906","8,947","9,017","9,026","9,082","8,909","8,954","8,911"
,,Not in employment (PAYE) or self-employment,"10,785","11,011","11,001","10,884","10,658","10,357","10,245","10,201","10,040","9,915","9,807","9,715","9,831","9,876","9,773","9,787","9,780","9,661","9,764","9,843","9,856","10,077","10,088","10,128"
,,Total,"20,410","20,541","20,589","20,494","20,330","20,080","19,940","19,816","19,656","19,575","19,395","19,124","18,779","18,774","18,713","18,706","18,689","18,608","18,783","18,874","18,945","18,985","19,039","19,044"
,Thurrock,In employment (PAYE) or self-employment,"9,076","8,947","8,890","8,870","9,023","9,092","9,070","9,017","8,886","8,822","8,741","8,687","8,131","8,121","8,017","8,074","8,044","8,081","8,151","8,280","8,268","8,235","8,334","8,328"
,,Not in employment (PAYE) or self-employment,"9,257","9,378","9,397","9,313","9,142","8,966","8,758","8,670","8,488","8,328","8,063","7,893","7,967","8,024","7,962","8,013","8,101","8,049","8,137","8,170","8,148","8,310","8,304","8,429"
,,Total,"18,337","18,321","18,292","18,181","18,164","18,059","17,826","17,688","17,371","17,157","16,801","16,584","16,098","16,145","15,982","16,090","16,146","16,130","16,291","16,451","16,418","16,542","16,639","16,759"
,Bedford,In employment (PAYE) or self-employment,"8,626","8,497","8,449","8,384","8,511","8,535","8,483","8,419","8,365","8,394","8,401","8,494","8,135","8,170","8,120","8,036","8,086","8,118","8,093","8,118","8,142","8,100","8,145","8,141"
,,Not in employment (PAYE) or self-employment,"8,492","8,781","8,860","8,903","8,717","8,495","8,332","8,339","8,173","8,055","7,986","7,819","8,002","7,980","7,853","7,927","7,909","7,847","7,986","8,042","8,116","8,369","8,378","8,470"
,,Total,"17,115","17,279","17,303","17,293","17,231","17,028","16,821","16,755","16,542","16,449","16,391","16,312","16,142","16,152","15,973","15,965","15,992","15,964","16,082","16,165","16,261","16,473","16,527","16,607"
,Central Bedfordshire,In employment (PAYE) or self-employment,"9,248","9,263","9,202","9,200","9,254","9,265","9,135","9,070","8,902","8,916","8,887","8,882","8,628","8,714","8,669","8,690","8,640","8,727","8,800","8,869","8,972","8,993","9,014","9,028"
,,Not in employment (PAYE) or self-employment,"7,765","8,002","8,070","8,045","7,867","7,651","7,561","7,614","7,552","7,411","7,321","7,188","7,327","7,252","7,216","7,313","7,329","7,344","7,478","7,553","7,621","7,897","7,946","8,065"
,,Total,"17,016","17,261","17,270","17,250","17,124","16,922","16,694","16,681","16,456","16,322","16,210","16,073","15,958","15,963","15,888","16,000","15,975","16,065","16,274","16,428","16,593","16,886","16,955","17,091"
,Cambridge,In employment (PAYE) or self-employment,"4,281","4,226","4,208","4,244","4,346","4,421","4,451","4,469","4,385","4,416","4,335","4,310","4,152","4,040","4,046","4,055","4,124","4,084","4,048","4,050","4,055","3,974","3,967","3,969"
,,Not in employment (PAYE) or self-employment,"3,815","3,929","3,917","3,880","3,801","3,662","3,585","3,579","3,510","3,437","3,428","3,362","3,396","3,365","3,349","3,394","3,325","3,374","3,466","3,535","3,577","3,700","3,764","3,719"
,,Total,"8,091","8,158","8,123","8,124","8,149","8,086","8,041","8,050","7,899","7,846","7,763","7,670","7,542","7,403","7,394","7,449","7,449","7,460","7,510","7,583","7,636","7,675","7,726","7,687"
,East Cambridgeshire,In employment (PAYE) or self-employment,"2,661","2,633","2,654","2,665","2,712","2,722","2,708","2,649","2,630","2,672","2,663","2,678","2,523","2,519","2,551","2,568","2,532","2,548","2,567","2,529","2,576","2,579","2,580","2,609"
,,Not in employment (PAYE) or self-employment,"1,983","2,067","2,073","2,054","1,990","1,933","1,887","1,913","1,866","1,797","1,819","1,809","1,870","1,851","1,834","1,810","1,833","1,866","1,924","1,987","1,979","2,038","2,086","2,102"
,,Total,"4,642","4,697","4,729","4,719","4,698","4,649","4,593","4,562","4,492","4,473","4,480","4,481","4,392","4,375","4,379","4,381","4,369","4,413","4,487","4,520","4,557","4,619","4,669","4,715"
,Fenland,In employment (PAYE) or self-employment,"4,650","4,655","4,707","4,707","4,774","4,755","4,821","4,845","4,848","4,870","4,878","4,790","4,536","4,557","4,585","4,625","4,620","4,631","4,609","4,639","4,612","4,538","4,520","4,540"
,,Not in employment (PAYE) or self-employment,"4,470","4,541","4,556","4,530","4,503","4,503","4,413","4,445","4,431","4,362","4,310","4,282","4,328","4,333","4,285","4,318","4,304","4,348","4,421","4,473","4,479","4,614","4,695","4,782"
,,Total,"9,117","9,196","9,267","9,245","9,280","9,259","9,232","9,287","9,275","9,228","9,194","9,067","8,865","8,891","8,868","8,947","8,926","8,981","9,034","9,117","9,094","9,151","9,215","9,328"
,Huntingdonshire,In employment (PAYE) or self-employment,"6,226","6,201","6,152","6,146","6,235","6,196","6,189","6,052","5,975","5,980","5,879","5,805","5,566","5,448","5,498","5,478","5,417","5,484","5,537","5,535","5,604","5,599","5,599","5,677"
,,Not in employment (PAYE) or self-employment,"4,576","4,669","4,667","4,608","4,519","4,401","4,360","4,429","4,349","4,329","4,299","4,250","4,302","4,266","4,231","4,273","4,292","4,324","4,419","4,487","4,502","4,650","4,760","4,769"
,,Total,"10,802","10,865","10,818","10,756","10,754","10,602","10,548","10,484","10,323","10,308","10,177","10,060","9,865","9,711","9,730","9,756","9,710","9,810","9,957","10,019","10,108","10,246","10,354","10,445"
,South Cambridgeshire,In employment (PAYE) or self-employment,"4,350","4,289","4,228","4,182","4,291","4,336","4,356","4,306","4,256","4,257","4,257","4,258","4,124","4,017","3,991","4,015","4,013","4,048","4,076","4,133","4,161","4,146","4,183","4,223"
,,Not in employment (PAYE) or self-employment,"3,182","3,232","3,244","3,252","3,128","3,081","3,051","3,090","3,041","2,975","2,943","2,876","2,887","2,898","2,879","2,916","2,918","2,996","3,119","3,161","3,218","3,292","3,340","3,403"
,,Total,"7,528","7,520","7,472","7,437","7,416","7,417","7,409","7,392","7,295","7,233","7,198","7,133","7,008","6,921","6,866","6,929","6,937","7,042","7,195","7,298","7,380","7,439","7,521","7,625"
,Basildon,In employment (PAYE) or self-employment,"9,152","9,008","8,982","8,891","8,951","8,934","8,866","8,728","8,585","8,474","8,500","8,451","7,988","8,006","8,075","8,141","8,198","8,226","8,292","8,307","8,353","8,264","8,331","8,414"
,,Not in employment (PAYE) or self-employment,"9,680","9,853","9,913","9,870","9,704","9,422","9,317","9,273","9,201","9,042","8,887","8,803","8,911","8,942","8,859","8,894","8,869","8,935","9,028","9,131","9,157","9,411","9,445","9,403"
,,Total,"18,830","18,857","18,891","18,764","18,657","18,352","18,181","17,999","17,783","17,516","17,389","17,256","16,897","16,947","16,932","17,029","17,068","17,164","17,318","17,439","17,512","17,675","17,778","17,816"
,Braintree,In employment (PAYE) or self-employment,"6,515","6,469","6,477","6,452","6,497","6,503","6,437","6,353","6,193","6,062","5,997","5,918","5,733","5,737","5,796","5,843","5,877","5,914","5,915","5,928","6,030","5,993","6,051","6,068"
,,Not in employment (PAYE) or self-employment,"5,577","5,678","5,666","5,617","5,494","5,390","5,318","5,264","5,190","5,074","4,984","4,923","5,027","5,038","4,973","5,001","4,979","5,009","5,154","5,218","5,210","5,388","5,388","5,403"
,,Total,"12,096","12,139","12,144","12,072","11,994","11,894","11,755","11,618","11,380","11,136","10,979","10,840","10,759","10,771","10,768","10,849","10,856","10,920","11,066","11,147","11,236","11,387","11,440","11,471"
,Brentwood,In employment (PAYE) or self-employment,"2,558","2,550","2,585","2,543","2,533","2,476","2,414","2,367","2,325","2,320","2,281","2,215","2,063","2,034","2,035","2,042","2,036","2,045","2,033","2,036","2,038","1,989","1,980","1,992"
,,Not in employment (PAYE) or self-employment,"2,372","2,373","2,359","2,340","2,272","2,228","2,199","2,203","2,153","2,095","2,075","2,039","2,079","2,081","2,028","2,020","2,009","2,025","2,056","2,066","2,074","2,119","2,148","2,122"
,,Total,"4,927","4,922","4,939","4,883","4,805","4,702","4,614","4,565","4,479","4,411","4,352","4,257","4,141","4,119","4,065","4,065","4,042","4,070","4,091","4,107","4,107","4,105","4,127","4,121"
,Castle Point,In employment (PAYE) or self-employment,"3,339","3,277","3,285","3,284","3,286","3,219","3,157","3,103","3,011","2,932","2,849","2,824","2,748","2,753","2,761","2,771","2,738","2,781","2,770","2,786","2,824","2,840","2,875","2,891"
,,Not in employment (PAYE) or self-employment,"2,866","2,956","2,947","2,916","2,789","2,669","2,607","2,600","2,545","2,503","2,495","2,473","2,513","2,515","2,485","2,500","2,490","2,471","2,522","2,495","2,516","2,572","2,556","2,568"
,,Total,"6,204","6,233","6,231","6,201","6,070","5,889","5,769","5,702","5,560","5,437","5,348","5,293","5,263","5,264","5,245","5,268","5,231","5,254","5,290","5,279","5,338","5,414","5,433","5,454"
,Chelmsford,In employment (PAYE) or self-employment,"5,788","5,774","5,747","5,688","5,759","5,633","5,505","5,235","5,173","5,113","5,048","5,016","4,846","4,826","4,802","4,889","4,882","4,941","4,976","5,000","4,973","4,960","5,024","5,089"
,,Not in employment (PAYE) or self-employment,"5,021","5,094","5,092","5,095","4,958","4,772","4,731","4,747","4,629","4,600","4,548","4,477","4,542","4,582","4,557","4,574","4,585","4,613","4,698","4,718","4,765","4,960","4,919","5,008"
,,Total,"10,811","10,867","10,840","10,789","10,711","10,402","10,243","9,976","9,804","9,708","9,597","9,494","9,387","9,415","9,351","9,460","9,465","9,554","9,674","9,721","9,738","9,917","9,945","10,101"
,Colchester,In employment (PAYE) or self-employment,"7,488","7,568","7,559","7,546","7,616","7,526","7,538","7,457","7,379","7,450","7,523","7,437","7,175","7,126","7,127","7,105","7,113","7,131","7,138","7,252","7,338","7,275","7,330","7,321"
,,Not in employment (PAYE) or self-employment,"6,747","6,828","6,886","6,852","6,697","6,527","6,401","6,320","6,189","6,119","6,106","6,048","6,089","6,097","6,022","6,067","6,087","6,096","6,274","6,361","6,382","6,540","6,633","6,743"
,,Total,"14,235","14,398","14,443","14,396","14,320","14,057","13,937","13,772","13,566","13,572","13,630","13,488","13,263","13,222","13,156","13,168","13,208","13,233","13,410","13,613","13,715","13,817","13,967","14,060"
,Epping Forest,In employment (PAYE) or self-employment,"5,242","5,235","5,190","5,120","5,141","5,113","4,990","4,836","4,664","4,622","4,635","4,594","4,386","4,318","4,327","4,234","4,192","4,174","4,157","4,142","4,210","4,197","4,225","4,219"
,,Not in employment (PAYE) or self-employment,"4,509","4,575","4,608","4,583","4,443","4,229","4,161","4,183","4,108","4,055","3,980","3,928","3,956","3,944","3,876","3,900","3,898","3,861","3,915","3,972","3,929","3,987","4,028","4,059"
,,Total,"9,746","9,813","9,795","9,702","9,587","9,347","9,156","9,020","8,772","8,676","8,617","8,522","8,342","8,267","8,204","8,132","8,092","8,034","8,067","8,116","8,138","8,185","8,253","8,276"
,Harlow,In employment (PAYE) or self-employment,"5,385","5,383","5,425","5,442","5,492","5,484","5,445","5,350","5,353","5,338","5,232","5,193","5,011","5,132","5,179","5,182","5,110","5,220","5,225","5,292","5,321","5,321","5,369","5,414"
,,Not in employment (PAYE) or self-employment,"5,329","5,441","5,517","5,454","5,284","5,131","5,099","5,165","5,074","5,005","4,966","4,900","5,006","4,974","4,998","4,983","5,016","4,978","5,083","5,125","5,184","5,326","5,305","5,314"
,,Total,"10,719","10,830","10,939","10,896","10,778","10,614","10,541","10,512","10,423","10,336","10,190","10,089","10,013","10,106","10,178","10,165","10,124","10,201","10,311","10,419","10,507","10,643","10,671","10,729"
,Maldon,In employment (PAYE) or self-employment,"2,114","2,142","2,136","2,121","2,140","2,097","2,046","1,964","1,907","1,896","1,870","1,882","1,836","1,856","1,853","1,882","1,871","1,859","1,867","1,878","1,915","1,874","1,875","1,884"
,,Not in employment (PAYE) or self-employment,"1,792","1,820","1,838","1,827","1,768","1,709","1,670","1,681","1,669","1,641","1,637","1,627","1,632","1,623","1,598","1,620","1,633","1,627","1,681","1,705","1,700","1,749","1,753","1,773"
,,Total,"3,905","3,960","3,974","3,953","3,915","3,810","3,715","3,645","3,579","3,539","3,510","3,512","3,472","3,479","3,452","3,500","3,503","3,488","3,547","3,581","3,616","3,627","3,632","3,661"
,Rochford,In employment (PAYE) or self-employment,"2,784","2,758","2,723","2,747","2,698","2,657","2,590","2,528","2,507","2,494","2,415","2,384","2,261","2,304","2,303","2,244","2,269","2,289","2,268","2,294","2,313","2,322","2,350","2,374"
,,Not in employment (PAYE) or self-employment,"2,199","2,240","2,242","2,188","2,109","2,076","2,028","2,036","1,968","1,942","1,943","1,917","1,954","1,928","1,897","1,911","1,879","1,879","1,938","1,950","1,945","2,021","2,030","2,049"
,,Total,"4,982","4,993","4,965","4,934","4,805","4,731","4,614","4,562","4,471","4,435","4,359","4,299","4,214","4,238","4,199","4,152","4,149","4,167","4,211","4,240","4,267","4,344","4,383","4,424"
,Tendring,In employment (PAYE) or self-employment,"6,389","6,426","6,494","6,561","6,655","6,696","6,717","6,707","6,657","6,602","6,566","6,446","6,162","6,104","6,167","6,330","6,246","6,292","6,392","6,414","6,399","6,303","6,287","6,257"
,,Not in employment (PAYE) or self-employment,"7,763","7,858","7,835","7,790","7,637","7,421","7,342","7,309","7,255","7,234","7,257","7,359","7,633","7,710","7,568","7,452","7,515","7,511","7,611","7,711","7,678","7,953","8,045","8,189"
,,Total,"14,153","14,285","14,327","14,348","14,291","14,119","14,057","14,016","13,915","13,837","13,823","13,802","13,792","13,817","13,736","13,783","13,769","13,800","14,003","14,122","14,073","14,257","14,330","14,452"
,Uttlesford,In employment (PAYE) or self-employment,"2,925","2,896","2,885","2,918","2,921","2,904","2,827","2,780","2,646","2,556","2,484","2,413","2,361","2,346","2,355","2,333","2,318","2,324","2,355","2,360","2,365","2,329","2,368","2,390"
,,Not in employment (PAYE) or self-employment,"2,124","2,133","2,112","2,091","2,031","1,973","1,964","1,957","1,881","1,809","1,770","1,751","1,757","1,736","1,669","1,691","1,686","1,690","1,733","1,760","1,774","1,842","1,848","1,838"
,,Total,"5,045","5,029","4,994","5,006","4,950","4,883","4,794","4,734","4,525","4,369","4,259","4,164","4,115","4,082","4,031","4,024","4,004","4,012","4,088","4,122","4,141","4,170","4,219","4,229"
,Broxbourne,In employment (PAYE) or self-employment,"4,590","4,592","4,618","4,641","4,677","4,710","4,619","4,551","4,505","4,460","4,383","4,347","4,187","4,186","4,186","4,178","4,191","4,209","4,225","4,303","4,274","4,239","4,284","4,301"
,,Not in employment (PAYE) or self-employment,"4,394","4,535","4,559","4,518","4,413","4,300","4,237","4,178","4,045","3,927","3,889","3,837","3,896","3,914","3,875","3,925","3,904","3,867","3,920","3,914","3,966","4,076","4,095","4,131"
,,Total,"8,987","9,123","9,178","9,157","9,087","9,010","8,859","8,727","8,551","8,388","8,266","8,180","8,087","8,098","8,060","8,104","8,088","8,072","8,141","8,220","8,238","8,314","8,380","8,429"
,Dacorum,In employment (PAYE) or self-employment,"5,726","5,770","5,763","5,758","5,818","5,773","5,684","5,498","5,462","5,495","5,502","5,346","5,177","5,189","5,200","5,176","5,096","5,095","5,093","5,220","5,223","5,215","5,350","5,423"
,,Not in employment (PAYE) or self-employment,"4,858","4,965","5,044","4,983","4,862","4,776","4,696","4,669","4,610","4,491","4,476","4,393","4,474","4,443","4,412","4,462","4,472","4,453","4,546","4,610","4,675","4,824","4,858","4,878"
,,Total,"10,578","10,738","10,810","10,738","10,677","10,555","10,373","10,165","10,076","9,986","9,979","9,738","9,651","9,634","9,613","9,643","9,568","9,547","9,645","9,832","9,895","10,037","10,212","10,297"
,Hertsmere,In employment (PAYE) or self-employment,"4,231","4,314","4,292","4,195","4,288","4,286","4,222","4,098","4,066","4,048","4,038","4,055","3,899","3,854","3,869","3,838","3,815","3,876","3,892","3,916","3,965","3,951","3,999","4,043"
,,Not in employment (PAYE) or self-employment,"3,805","3,872","3,888","3,870","3,747","3,642","3,546","3,511","3,438","3,400","3,407","3,360","3,408","3,432","3,369","3,386","3,413","3,392","3,487","3,536","3,527","3,682","3,679","3,704"
,,Total,"8,036","8,188","8,182","8,061","8,037","7,927","7,767","7,615","7,501","7,443","7,448","7,417","7,310","7,285","7,240","7,220","7,228","7,274","7,376","7,449","7,487","7,629","7,678","7,745"
,North Hertfordshire,In employment (PAYE) or self-employment,"4,489","4,499","4,515","4,503","4,559","4,523","4,474","4,422","4,314","4,325","4,301","4,293","4,144","4,147","4,154","4,132","4,123","4,155","4,148","4,189","4,213","4,180","4,197","4,201"
,,Not in employment (PAYE) or self-employment,"3,630","3,756","3,766","3,733","3,627","3,559","3,519","3,514","3,505","3,412","3,368","3,310","3,338","3,323","3,277","3,318","3,317","3,315","3,391","3,467","3,477","3,605","3,604","3,649"
,,Total,"8,122","8,252","8,281","8,236","8,189","8,079","7,992","7,933","7,820","7,735","7,668","7,604","7,483","7,474","7,433","7,453","7,442","7,469","7,540","7,657","7,690","7,784","7,800","7,852"
,Three Rivers,In employment (PAYE) or self-employment,"2,880","2,857","2,811","2,802","2,858","2,844","2,771","2,676","2,611","2,587","2,531","2,530","2,445","2,402","2,364","2,405","2,376","2,420","2,424","2,443","2,455","2,461","2,498","2,488"
,,Not in employment (PAYE) or self-employment,"2,650","2,679","2,694","2,657","2,520","2,403","2,383","2,378","2,341","2,287","2,258","2,218","2,238","2,238","2,193","2,175","2,210","2,219","2,268","2,312","2,350","2,401","2,406","2,403"
,,Total,"5,530","5,533","5,507","5,455","5,378","5,248","5,156","5,052","4,951","4,874","4,789","4,742","4,683","4,638","4,554","4,578","4,584","4,638","4,694","4,757","4,808","4,865","4,906","4,889"
,Watford,In employment (PAYE) or self-employment,"5,116","5,107","5,083","5,062","5,122","5,191","5,209","5,000","4,932","4,909","4,862","4,857","4,675","4,570","4,580","4,588","4,590","4,619","4,626","4,653","4,675","4,670","4,771","4,783"
,,Not in employment (PAYE) or self-employment,"4,559","4,627","4,601","4,556","4,407","4,227","4,122","4,124","4,049","3,966","3,843","3,773","3,825","3,837","3,777","3,785","3,805","3,829","3,822","3,877","3,932","4,065","4,077","4,148"
,,Total,"9,677","9,730","9,685","9,618","9,528","9,416","9,334","9,124","8,982","8,872","8,708","8,634","8,495","8,411","8,356","8,376","8,394","8,446","8,454","8,533","8,608","8,731","8,850","8,927"
,Breckland,In employment (PAYE) or self-employment,"4,984","5,017","5,080","5,124","5,192","5,289","5,277","5,240","5,158","5,165","5,171","5,149","4,931","4,995","5,058","5,122","5,116","5,130","5,186","5,184","5,241","5,177","5,169","5,159"
,,Not in employment (PAYE) or self-employment,"4,484","4,610","4,612","4,613","4,529","4,384","4,315","4,292","4,286","4,257","4,240","4,175","4,194","4,235","4,170","4,202","4,194","4,202","4,239","4,354","4,439","4,548","4,647","4,633"
,,Total,"9,474","9,628","9,691","9,731","9,722","9,675","9,591","9,530","9,444","9,420","9,409","9,324","9,125","9,226","9,231","9,318","9,309","9,332","9,425","9,537","9,673","9,719","9,816","9,792"
,Broadland,In employment (PAYE) or self-employment,"3,919","3,876","3,798","3,794","3,801","3,808","3,803","3,704","3,683","3,678","3,644","3,629","3,534","3,520","3,494","3,553","3,482","3,444","3,445","3,470","3,539","3,526","3,525","3,548"
,,Not in employment (PAYE) or self-employment,"2,735","2,795","2,837","2,805","2,727","2,645","2,580","2,583","2,559","2,502","2,494","2,474","2,531","2,552","2,542","2,572","2,610","2,595","2,654","2,674","2,657","2,770","2,838","2,871"
,,Total,"6,657","6,670","6,630","6,604","6,528","6,451","6,380","6,284","6,237","6,186","6,144","6,109","6,063","6,067","6,038","6,126","6,091","6,037","6,100","6,139","6,193","6,296","6,364","6,425"
,Great Yarmouth,In employment (PAYE) or self-employment,"5,995","5,948","6,044","6,248","6,568","6,764","6,709","6,523","6,487","6,404","6,305","6,125","5,763","5,850","6,165","6,309","6,332","6,432","6,366","6,393","6,358","6,163","6,043","5,916"
,,Not in employment (PAYE) or self-employment,"8,044","8,089","8,026","7,785","7,423","7,163","7,029","7,041","6,971","6,994","7,004","7,077","7,338","7,311","6,969","6,832","6,811","6,743","6,810","6,844","6,862","7,148","7,320","7,609"
,,Total,"14,041","14,038","14,069","14,038","13,997","13,926","13,736","13,567","13,459","13,397","13,309","13,205","13,101","13,159","13,132","13,146","13,148","13,175","13,173","13,233","13,222","13,306","13,369","13,521"
,King's Lynn and West Norfolk,In employment (PAYE) or self-employment,"5,638","5,618","5,633","5,687","5,692","5,778","5,837","5,800","5,728","5,731","5,756","5,678","5,561","5,558","5,614","5,621","5,538","5,569","5,608","5,695","5,671","5,694","5,730","5,737"
,,Not in employment (PAYE) or self-employment,"5,227","5,387","5,413","5,361","5,349","5,215","5,133","5,140","5,074","5,020","4,989","4,983","5,040","5,073","4,957","5,012","5,038","4,980","5,093","5,109","5,175","5,326","5,374","5,439"
,,Total,"10,864","11,004","11,043","11,052","11,043","10,989","10,967","10,935","10,802","10,748","10,744","10,664","10,602","10,635","10,572","10,633","10,576","10,550","10,698","10,804","10,840","11,023","11,109","11,177"
,North Norfolk,In employment (PAYE) or self-employment,"3,462","3,441","3,427","3,446","3,571","3,604","3,609","3,577","3,493","3,425","3,378","3,396","3,330","3,344","3,403","3,427","3,404","3,443","3,468","3,512","3,518","3,476","3,449","3,468"
,,Not in employment (PAYE) or self-employment,"2,938","3,035","3,076","3,066","2,935","2,828","2,751","2,740","2,740","2,741","2,761","2,768","2,854","2,882","2,817","2,827","2,824","2,819","2,854","2,861","2,901","2,990","3,076","3,111"
,,Total,"6,398","6,480","6,504","6,512","6,505","6,435","6,359","6,317","6,230","6,165","6,140","6,163","6,183","6,224","6,222","6,254","6,224","6,260","6,326","6,378","6,420","6,462","6,527","6,583"
,Norwich,In employment (PAYE) or self-employment,"7,616","7,523","7,474","7,454","7,701","7,767","7,783","7,748","7,697","7,701","7,760","7,727","7,479","7,443","7,404","7,485","7,237","7,133","7,113","7,243","7,344","7,253","7,191","7,281"
,,Not in employment (PAYE) or self-employment,"7,215","7,398","7,514","7,519","7,296","7,144","7,033","7,085","7,004","6,940","6,826","6,771","6,909","6,883","6,877","6,941","7,038","6,965","7,109","7,091","7,146","7,421","7,550","7,574"
,,Total,"14,833","14,923","14,986","14,972","14,993","14,916","14,813","14,830","14,698","14,635","14,591","14,496","14,388","14,323","14,282","14,429","14,279","14,105","14,223","14,339","14,489","14,679","14,746","14,852"
,South Norfolk,In employment (PAYE) or self-employment,"4,402","4,334","4,320","4,290","4,359","4,371","4,318","4,298","4,241","4,220","4,176","4,177","4,104","4,099","4,115","4,100","4,024","4,040","4,094","4,156","4,254","4,261","4,255","4,239"
,,Not in employment (PAYE) or self-employment,"3,249","3,278","3,301","3,283","3,235","3,144","3,123","3,139","3,079","3,036","3,057","3,012","3,100","3,096","3,079","3,125","3,183","3,166","3,252","3,263","3,292","3,400","3,416","3,457"
,,Total,"7,647","7,614","7,620","7,570","7,592","7,512","7,443","7,431","7,320","7,259","7,229","7,184","7,200","7,192","7,193","7,226","7,207","7,206","7,347","7,416","7,550","7,660","7,669","7,700"
,Babergh,In employment (PAYE) or self-employment,"3,190","3,201","3,235","3,219","3,290","3,304","3,305","3,233","3,159","3,147","3,143","3,097","3,037","3,010","2,972","3,032","3,004","3,009","3,080","3,087","3,119","3,139","3,186","3,188"
,,Not in employment (PAYE) or self-employment,"2,671","2,694","2,675","2,637","2,574","2,520","2,503","2,466","2,441","2,400","2,357","2,283","2,332","2,350","2,320","2,299","2,272","2,316","2,357","2,415","2,416","2,481","2,490","2,531"
,,Total,"5,859","5,897","5,905","5,852","5,862","5,825","5,808","5,701","5,600","5,548","5,500","5,382","5,373","5,363","5,293","5,331","5,277","5,324","5,441","5,499","5,539","5,620","5,672","5,721"
,Ipswich,In employment (PAYE) or self-employment,"7,592","7,482","7,478","7,495","7,632","7,690","7,812","7,727","7,649","7,652","7,779","7,833","7,581","7,348","7,428","7,473","7,453","7,591","7,612","7,601","7,589","7,514","7,546","7,560"
,,Not in employment (PAYE) or self-employment,"7,675","7,883","8,006","7,879","7,749","7,545","7,400","7,426","7,361","7,199","7,059","7,006","7,052","7,164","6,919","6,984","6,994","6,957","7,036","7,006","7,083","7,315","7,378","7,431"
,,Total,"15,269","15,366","15,480","15,370","15,380","15,234","15,217","15,156","15,011","14,845","14,837","14,836","14,634","14,513","14,345","14,452","14,444","14,547","14,641","14,607","14,675","14,830","14,920","14,990"
,Mid Suffolk,In employment (PAYE) or self-employment,"2,934","2,974","3,021","3,017","3,065","3,111","3,017","2,954","2,893","2,922","2,904","2,890","2,816","2,787","2,812","2,860","2,893","2,932","2,967","2,966","2,937","2,933","2,989","3,011"
,,Not in employment (PAYE) or self-employment,"2,476","2,477","2,465","2,423","2,345","2,275","2,262","2,243","2,226","2,205","2,170","2,179","2,258","2,297","2,247","2,259","2,269","2,321","2,382","2,412","2,434","2,504","2,503","2,504"
,,Total,"5,413","5,453","5,484","5,438","5,413","5,388","5,276","5,196","5,118","5,129","5,074","5,073","5,075","5,087","5,060","5,121","5,163","5,250","5,346","5,375","5,368","5,433","5,496","5,512"
,St Albans,In employment (PAYE) or self-employment,"3,950","3,962","3,957","3,965","4,015","3,990","3,884","3,810","3,714","3,702","3,651","3,627","3,526","3,483","3,479","3,463","3,494","3,446","3,420","3,432","3,404","3,430","3,467","3,502"
,,Not in employment (PAYE) or self-employment,"3,640","3,722","3,712","3,682","3,583","3,530","3,498","3,497","3,461","3,356","3,314","3,233","3,240","3,231","3,186","3,176","3,151","3,156","3,222","3,262","3,329","3,336","3,352","3,342"
,,Total,"7,588","7,684","7,667","7,643","7,601","7,524","7,382","7,306","7,170","7,063","6,968","6,862","6,764","6,716","6,665","6,639","6,643","6,601","6,643","6,693","6,737","6,766","6,821","6,847"
,Welwyn Hatfield,In employment (PAYE) or self-employment,"4,749","4,739","4,725","4,752","4,855","4,849","4,843","4,776","4,731","4,744","4,766","4,710","4,562","4,606","4,562","4,485","4,471","4,446","4,434","4,485","4,519","4,498","4,505","4,558"
,,Not in employment (PAYE) or self-employment,"4,399","4,497","4,526","4,523","4,433","4,355","4,256","4,285","4,197","4,133","4,035","3,974","4,010","3,971","3,927","3,964","3,942","3,912","3,998","4,067","4,107","4,212","4,227","4,275"
,,Total,"9,144","9,236","9,250","9,276","9,287","9,203","9,095","9,060","8,928","8,876","8,803","8,680","8,573","8,578","8,489","8,448","8,408","8,358","8,432","8,549","8,624","8,710","8,735","8,832"
,East Hertfordshire,In employment (PAYE) or self-employment,"4,925","5,001","5,022","5,020","5,114","5,043","4,932","4,860","4,721","4,668","4,556","4,491","4,281","4,205","4,204","4,193","4,185","4,171","4,198","4,268","4,361","4,330","4,353","4,373"
,,Not in employment (PAYE) or self-employment,"3,715","3,786","3,752","3,723","3,611","3,540","3,389","3,295","3,237","3,197","3,163","3,044","3,088","3,062","3,005","3,029","3,007","3,032","3,121","3,125","3,114","3,243","3,290","3,306"
,,Total,"8,637","8,785","8,774","8,741","8,721","8,584","8,320","8,162","7,959","7,866","7,726","7,531","7,368","7,266","7,214","7,221","7,190","7,203","7,312","7,400","7,472","7,577","7,648","7,682"
,Stevenage,In employment (PAYE) or self-employment,"4,073","4,137","4,127","4,113","4,155","4,159","4,142","4,055","4,019","4,045","3,973","3,990","3,936","3,892","3,916","3,977","3,991","3,974","4,010","4,039","4,055","4,041","3,993","4,097"
,,Not in employment (PAYE) or self-employment,"3,781","3,848","3,895","3,878","3,797","3,740","3,728","3,733","3,680","3,599","3,569","3,509","3,544","3,563","3,511","3,441","3,451","3,431","3,501","3,496","3,559","3,668","3,752","3,750"
,,Total,"7,853","7,982","8,021","7,991","7,952","7,897","7,873","7,785","7,703","7,644","7,545","7,496","7,477","7,457","7,425","7,421","7,439","7,409","7,504","7,536","7,616","7,714","7,746","7,849"
,East Suffolk,In employment (PAYE) or self-employment,"9,624","9,575","9,584","9,575","9,783","9,914","9,904","9,857","9,759","9,536","9,541","9,450","9,190","9,084","9,131","9,360","9,292","9,262","9,284","9,374","9,395","9,222","9,221","9,148"
,,Not in employment (PAYE) or self-employment,"10,170","10,309","10,308","10,237","9,906","9,648","9,443","9,331","9,212","9,216","9,142","9,146","9,376","9,347","9,196","9,130","9,075","9,103","9,231","9,320","9,348","9,608","9,721","9,856"
,,Total,"19,795","19,887","19,897","19,810","19,691","19,564","19,347","19,193","18,977","18,751","18,679","18,594","18,569","18,431","18,326","18,487","18,366","18,363","18,518","18,693","18,743","18,836","18,941","19,004"
,West Suffolk,In employment (PAYE) or self-employment,"6,517","6,590","6,605","6,624","6,741","6,798","6,775","6,589","6,562","6,484","6,494","6,498","6,350","6,290","6,297","6,380","6,279","6,338","6,398","6,449","6,503","6,466","6,496","6,540"
,,Not in employment (PAYE) or self-employment,"5,358","5,475","5,494","5,468","5,399","5,282","5,199","5,241","5,142","5,039","4,946","4,812","4,900","4,945","4,889","4,888","4,948","4,977","5,027","5,049","5,057","5,192","5,267","5,310"
,,Total,"11,877","12,063","12,103","12,095","12,136","12,080","11,976","11,826","11,704","11,523","11,444","11,310","11,245","11,234","11,187","11,270","11,224","11,312","11,427","11,492","11,562","11,654","11,769","11,849"
,City of London,In employment (PAYE) or self-employment,239,243,252,249,277,288,270,261,253,248,253,253,220,226,240,223,210,219,223,205,208,197,194,196
,,Not in employment (PAYE) or self-employment,219,219,218,210,205,207,211,202,196,324,365,369,376,381,364,367,370,347,351,351,300,291,274,265
,,Total,457,461,467,462,487,496,480,460,450,576,618,618,598,605,602,595,585,565,575,556,503,482,470,462
,Barking and Dagenham,In employment (PAYE) or self-employment,"15,922","15,872","15,906","15,880","16,236","16,412","16,464","16,347","16,290","16,404","16,409","16,472","15,782","15,429","15,415","15,216","15,083","15,107","14,982","14,870","14,958","14,894","15,178","15,057"
,,Not in employment (PAYE) or self-employment,"16,325","16,686","16,807","16,835","16,508","16,052","15,804","15,658","15,293","14,940","14,719","14,521","14,712","14,785","14,425","14,500","14,536","14,474","14,710","14,796","14,905","15,389","15,269","15,405"
,,Total,"32,250","32,559","32,709","32,713","32,739","32,463","32,268","32,008","31,585","31,342","31,126","30,995","30,494","30,213","29,836","29,712","29,620","29,583","29,694","29,669","29,862","30,281","30,444","30,457"
,Barnet,In employment (PAYE) or self-employment,"18,657","18,818","18,841","19,082","19,414","19,693","19,728","19,568","19,471","19,425","19,333","19,163","18,554","18,452","18,541","18,289","18,293","18,449","18,455","18,452","18,493","18,256","18,645","18,501"
,,Not in employment (PAYE) or self-employment,"19,158","19,429","19,490","19,413","18,924","18,274","17,920","17,984","17,701","17,486","17,292","16,961","17,215","17,140","16,847","16,996","17,029","17,064","17,276","17,373","17,427","17,974","17,802","18,008"
,,Total,"37,820","38,242","38,330","38,495","38,337","37,965","37,642","37,548","37,173","36,912","36,629","36,122","35,767","35,596","35,391","35,285","35,324","35,513","35,734","35,822","35,919","36,229","36,445","36,505"
,Bexley,In employment (PAYE) or self-employment,"9,634","9,666","9,672","9,670","9,809","9,889","9,798","9,502","9,436","9,316","9,283","9,248","8,901","8,849","8,852","8,724","8,730","8,814","8,860","8,844","8,838","8,762","8,900","8,865"
,,Not in employment (PAYE) or self-employment,"9,385","9,589","9,625","9,630","9,402","9,127","9,029","9,075","8,810","8,664","8,486","8,312","8,419","8,416","8,268","8,393","8,448","8,438","8,666","8,758","8,825","9,060","8,982","9,011"
,,Total,"19,020","19,256","19,297","19,297","19,206","19,016","18,827","18,579","18,250","17,980","17,769","17,562","17,322","17,265","17,127","17,115","17,175","17,254","17,523","17,603","17,663","17,814","17,881","17,880"
,Brent,In employment (PAYE) or self-employment,"21,151","21,429","21,650","21,935","22,548","22,958","22,837","22,700","22,597","22,692","22,632","22,426","21,713","21,575","21,779","21,612","21,480","21,621","21,535","21,334","21,312","21,134","21,652","21,478"
,,Not in employment (PAYE) or self-employment,"23,287","24,118","24,471","24,282","23,488","22,660","22,352","22,191","21,787","21,504","21,188","20,859","21,219","21,175","20,870","21,036","21,155","20,987","21,341","21,494","21,600","22,285","22,063","22,574"
,,Total,"44,438","45,543","46,116","46,221","46,040","45,610","45,190","44,887","44,387","44,194","43,815","43,283","42,932","42,755","42,647","42,647","42,641","42,608","42,875","42,828","42,913","43,420","43,717","44,050"
,Bromley,In employment (PAYE) or self-employment,"11,658","11,410","11,516","11,407","11,514","11,513","11,342","11,201","11,078","10,995","10,736","10,576","10,146","10,126","10,069","9,900","9,863","9,888","9,814","9,764","9,770","9,688","9,750","9,777"
,,Not in employment (PAYE) or self-employment,"11,397","11,571","11,579","11,503","11,189","10,808","10,491","10,318","10,157","9,986","9,832","9,641","9,786","9,747","9,517","9,630","9,622","9,622","9,921","10,119","10,171","10,484","10,504","10,649"
,,Total,"23,054","22,982","23,094","22,917","22,702","22,321","21,839","21,521","21,236","20,978","20,570","20,216","19,932","19,870","19,582","19,532","19,482","19,508","19,734","19,882","19,948","20,170","20,257","20,422"
,Camden,In employment (PAYE) or self-employment,"8,432","8,514","8,642","8,719","9,017","9,230","9,293","9,266","9,227","9,158","9,074","9,044","8,679","8,578","8,476","8,393","8,369","8,375","8,348","8,237","8,303","8,169","8,137","8,077"
,,Not in employment (PAYE) or self-employment,"11,514","11,789","11,918","11,836","11,486","11,096","10,932","10,699","10,548","10,970","11,064","10,830","10,956","10,928","10,762","10,693","10,730","10,703","10,831","10,987","11,021","11,308","11,320","11,347"
,,Total,"19,946","20,303","20,557","20,554","20,502","20,324","20,225","19,964","19,772","20,131","20,137","19,877","19,641","19,501","19,239","19,086","19,098","19,075","19,178","19,221","19,323","19,480","19,458","19,424"
,Croydon,In employment (PAYE) or self-employment,"25,437","25,170","25,271","25,219","25,657","26,049","26,140","25,952","25,684","25,772","25,567","25,359","24,397","24,413","24,339","24,231","24,026","24,162","24,114","24,087","24,132","23,760","23,956","23,802"
,,Not in employment (PAYE) or self-employment,"27,460","27,714","27,778","27,662","27,056","26,457","26,001","25,772","25,358","24,787","24,349","23,916","24,161","23,981","23,600","23,572","23,594","23,369","23,651","23,848","23,876","24,393","24,351","24,481"
,,Total,"52,902","52,888","53,047","52,887","52,713","52,507","52,145","51,727","51,050","50,561","49,917","49,275","48,561","48,390","47,939","47,806","47,619","47,531","47,765","47,936","48,011","48,153","48,309","48,283"
,Ealing,In employment (PAYE) or self-employment,"20,807","20,855","20,900","21,025","21,589","22,098","22,458","22,330","22,287","22,311","22,297","21,902","21,079","20,955","20,823","20,591","20,531","20,726","20,644","20,699","20,856","20,487","20,789","20,641"
,,Not in employment (PAYE) or self-employment,"23,518","24,082","24,316","24,192","23,590","22,988","22,664","22,540","22,045","21,622","21,343","20,825","21,031","21,054","20,867","21,117","21,112","21,111","21,339","21,530","21,589","22,090","21,921","22,237"
,,Total,"44,329","44,935","45,216","45,218","45,182","45,083","45,116","44,874","44,328","43,934","43,637","42,729","42,105","42,013","41,689","41,712","41,643","41,839","41,983","42,229","42,443","42,575","42,707","42,875"
,Enfield,In employment (PAYE) or self-employment,"22,215","22,590","22,740","22,946","22,906","22,916","22,834","22,624","22,492","22,792","22,508","22,635","21,891","21,857","21,910","21,820","21,750","22,094","21,991","21,842","21,743","21,383","21,744","21,373"
,,Not in employment (PAYE) or self-employment,"23,128","23,673","23,818","23,625","23,322","22,731","22,475","22,224","21,914","21,571","21,474","21,090","21,497","21,453","21,163","21,491","21,646","21,565","21,865","21,883","21,850","22,274","21,974","22,196"
,,Total,"45,340","46,266","46,560","46,573","46,231","45,646","45,308","44,848","44,411","44,362","43,979","43,725","43,388","43,313","43,073","43,311","43,393","43,657","43,855","43,732","43,589","43,659","43,719","43,570"
,Greenwich,In employment (PAYE) or self-employment,"15,692","15,550","15,617","15,547","15,812","16,212","16,331","16,336","16,318","16,318","16,239","15,837","15,087","14,911","14,890","14,817","14,694","14,882","14,825","14,931","14,990","14,752","14,970","14,929"
,,Not in employment (PAYE) or self-employment,"16,808","17,240","17,343","17,361","17,080","16,650","16,379","16,319","15,959","15,495","15,239","15,013","15,223","15,235","15,009","15,144","15,199","15,061","15,335","15,447","15,590","16,051","15,963","15,950"
,,Total,"32,497","32,789","32,962","32,912","32,889","32,856","32,711","32,648","32,275","31,818","31,481","30,850","30,312","30,145","29,899","29,958","29,895","29,947","30,159","30,379","30,578","30,802","30,931","30,875"
,Hackney,In employment (PAYE) or self-employment,"16,093","16,198","16,391","16,595","17,089","17,159","17,390","17,235","17,140","17,037","17,042","17,061","16,400","16,192","16,136","16,115","15,943","16,149","16,099","15,982","16,014","15,863","15,959","15,933"
,,Not in employment (PAYE) or self-employment,"18,075","18,470","18,546","18,549","18,139","17,545","17,109","16,947","16,575","16,256","16,023","15,715","15,956","16,003","15,783","15,751","15,785","15,771","15,974","15,968","16,037","16,402","16,428","16,559"
,,Total,"34,168","34,667","34,939","35,150","35,229","34,709","34,504","34,177","33,715","33,291","33,061","32,773","32,358","32,198","31,920","31,871","31,724","31,917","32,079","31,944","32,058","32,261","32,389","32,496"
,Hammersmith and Fulham,In employment (PAYE) or self-employment,"9,507","9,566","9,647","9,700","9,954","10,171","10,145","10,068","9,928","9,943","9,811","9,633","9,203","9,090","9,089","8,939","8,884","8,928","8,854","8,717","8,632","8,516","8,534","8,440"
,,Not in employment (PAYE) or self-employment,"12,055","12,300","12,319","12,224","11,944","11,519","11,208","11,126","11,009","10,813","10,657","10,493","10,588","10,541","10,325","10,320","10,259","10,177","10,270","10,295","10,322","10,472","10,418","10,494"
,,Total,"21,557","21,864","21,966","21,928","21,893","21,689","21,358","21,195","20,941","20,757","20,471","20,122","19,788","19,628","19,413","19,259","19,143","19,103","19,123","19,012","18,960","18,989","18,952","18,933"
,Haringey,In employment (PAYE) or self-employment,"20,864","21,095","21,302","21,548","21,972","22,172","21,985","21,791","21,566","21,324","21,169","20,822","19,980","19,680","19,597","19,302","19,131","19,355","19,131","19,068","18,909","18,553","18,833","18,585"
,,Not in employment (PAYE) or self-employment,"20,041","20,602","20,781","20,568","19,934","19,161","18,945","18,911","18,534","18,192","17,873","17,580","17,826","17,953","17,580","17,613","17,589","17,531","17,810","17,786","17,657","18,083","17,810","17,936"
,,Total,"40,903","41,695","42,085","42,114","41,906","41,334","40,929","40,705","40,099","39,517","39,038","38,405","37,806","37,630","37,172","36,911","36,719","36,883","36,944","36,854","36,569","36,632","36,647","36,522"
,Harrow,In employment (PAYE) or self-employment,"11,750","11,865","11,878","11,902","12,136","12,288","12,283","12,167","11,990","11,930","11,764","11,673","11,308","11,238","11,130","11,019","10,933","10,944","10,823","10,744","10,760","10,622","10,787","10,761"
,,Not in employment (PAYE) or self-employment,"11,491","11,681","11,786","11,711","11,353","10,974","10,921","10,866","10,640","10,452","10,423","10,254","10,341","10,291","10,219","10,333","10,322","10,239","10,301","10,377","10,450","10,657","10,539","10,679"
,,Total,"23,240","23,543","23,658","23,614","23,490","23,262","23,204","23,031","22,634","22,378","22,185","21,931","21,646","21,527","21,348","21,347","21,258","21,187","21,126","21,116","21,209","21,282","21,324","21,438"
,Havering,In employment (PAYE) or self-employment,"11,368","11,209","11,229","11,238","11,192","11,259","11,127","10,993","10,973","10,982","10,940","10,905","10,285","10,190","10,119","10,100","10,087","10,136","10,148","10,219","10,244","10,189","10,329","10,322"
,,Not in employment (PAYE) or self-employment,"10,739","11,066","11,168","11,050","10,802","10,523","10,371","10,331","10,089","9,945","9,752","9,673","9,770","9,790","9,644","9,710","9,739","9,790","9,958","10,027","10,112","10,440","10,428","10,492"
,,Total,"22,110","22,274","22,392","22,290","21,999","21,784","21,501","21,323","21,065","20,925","20,691","20,579","20,058","19,980","19,763","19,807","19,819","19,925","20,106","20,244","20,360","20,631","20,757","20,808"
,Hillingdon,In employment (PAYE) or self-employment,"14,446","14,495","14,498","14,567","14,813","15,045","14,993","14,879","14,937","14,889","14,761","14,495","14,069","13,970","13,818","13,782","13,717","13,864","13,754","13,795","13,748","13,583","13,691","13,648"
,,Not in employment (PAYE) or self-employment,"15,450","15,854","16,057","15,894","15,570","15,153","14,882","14,867","14,599","14,385","14,090","13,678","13,724","13,760","13,609","13,623","13,657","13,552","13,691","13,820","13,923","14,270","14,274","14,541"
,,Total,"29,894","30,352","30,561","30,461","30,387","30,203","29,874","29,746","29,538","29,274","28,849","28,176","27,792","27,727","27,433","27,408","27,372","27,416","27,443","27,623","27,669","27,853","27,966","28,188"
,Hounslow,In employment (PAYE) or self-employment,"19,046","19,142","19,074","19,088","19,384","19,660","19,649","19,529","19,418","19,454","19,458","19,269","18,553","18,464","18,372","18,259","18,146","18,346","18,283","18,208","18,186","17,904","18,141","18,150"
,,Not in employment (PAYE) or self-employment,"20,469","20,804","21,003","20,894","20,446","19,820","19,417","19,098","18,806","18,311","17,873","17,486","17,774","17,666","17,443","17,430","17,434","17,223","17,450","17,667","17,722","18,124","17,897","17,978"
,,Total,"39,517","39,943","40,079","39,979","39,832","39,482","39,065","38,624","38,226","37,766","37,335","36,757","36,330","36,132","35,821","35,690","35,583","35,568","35,736","35,877","35,908","36,026","36,041","36,128"
,Islington,In employment (PAYE) or self-employment,"10,610","10,619","10,657","10,842","11,188","11,512","11,629","11,581","11,522","11,478","11,353","11,289","10,851","10,772","10,778","10,742","10,722","10,777","10,698","10,694","10,569","10,437","10,502","10,473"
,,Not in employment (PAYE) or self-employment,"14,263","14,532","14,651","14,540","14,200","13,792","13,528","13,407","13,260","13,025","12,802","12,625","12,791","12,815","12,711","12,831","12,811","12,878","13,108","13,154","13,287","13,594","13,630","13,748"
,,Total,"24,869","25,152","25,312","25,383","25,392","25,302","25,157","24,988","24,777","24,503","24,159","23,915","23,643","23,588","23,491","23,574","23,537","23,661","23,803","23,849","23,853","24,030","24,128","24,217"
,Kensington and Chelsea,In employment (PAYE) or self-employment,"4,682","4,683","4,777","4,830","5,026","5,130","5,124","5,057","5,076","5,080","5,033","4,983","4,765","4,715","4,683","4,655","4,640","4,649","4,651","4,640","4,586","4,566","4,573","4,555"
,,Not in employment (PAYE) or self-employment,"6,459","6,605","6,643","6,621","6,473","6,271","6,116","6,036","5,966","6,117","6,087","6,009","6,032","5,962","5,845","5,781","5,776","5,804","5,830","5,872","5,848","5,932","5,947","5,980"
,,Total,"11,142","11,286","11,423","11,451","11,499","11,402","11,242","11,087","11,044","11,195","11,121","10,990","10,798","10,671","10,531","10,434","10,417","10,453","10,483","10,509","10,432","10,498","10,522","10,540"
,Kingston upon Thames,In employment (PAYE) or self-employment,"6,166","6,196","6,229","6,211","6,211","6,147","6,052","5,941","5,892","5,885","5,813","5,748","5,523","5,474","5,446","5,371","5,373","5,414","5,362","5,406","5,414","5,349","5,458","5,462"
,,Not in employment (PAYE) or self-employment,"5,992","6,048","6,046","5,992","5,786","5,582","5,418","5,372","5,221","5,098","4,993","4,928","5,069","5,056","5,020","5,031","5,035","5,032","5,182","5,218","5,206","5,328","5,269","5,322"
,,Total,"12,158","12,237","12,274","12,203","11,995","11,726","11,471","11,308","11,114","10,983","10,808","10,679","10,589","10,528","10,468","10,404","10,406","10,447","10,547","10,624","10,622","10,677","10,728","10,785"
,Lambeth,In employment (PAYE) or self-employment,"19,491","19,493","19,685","19,816","20,401","20,745","20,971","20,958","20,567","20,415","20,163","19,917","18,849","18,651","18,592","18,379","18,171","18,299","18,151","18,021","17,951","17,637","17,613","17,480"
,,Not in employment (PAYE) or self-employment,"21,605","21,950","22,001","21,788","21,137","20,307","19,755","19,557","19,213","18,637","18,164","17,699","17,927","17,857","17,613","17,459","17,408","17,199","17,484","17,609","17,624","17,985","17,883","17,983"
,,Total,"41,096","41,443","41,687","41,600","41,539","41,053","40,720","40,510","39,776","39,045","38,328","37,622","36,776","36,511","36,206","35,842","35,582","35,503","35,634","35,636","35,570","35,622","35,498","35,465"
,Lewisham,In employment (PAYE) or self-employment,"19,157","19,118","19,277","19,231","19,696","20,106","20,184","20,019","19,887","19,727","19,407","19,279","18,514","18,444","18,474","18,357","18,238","18,291","18,246","18,295","18,214","18,029","18,108","18,066"
,,Not in employment (PAYE) or self-employment,"20,661","20,952","21,040","20,965","20,388","19,875","19,412","19,179","18,817","18,319","18,020","17,620","17,881","17,831","17,499","17,512","17,491","17,402","17,746","17,882","18,018","18,436","18,349","18,429"
,,Total,"39,821","40,071","40,309","40,194","40,084","39,982","39,591","39,205","38,703","38,044","37,424","36,905","36,398","36,271","35,969","35,871","35,731","35,690","35,995","36,175","36,231","36,463","36,452","36,492"
,Merton,In employment (PAYE) or self-employment,"11,109","11,007","11,017","10,999","11,096","11,159","11,097","10,807","10,674","10,649","10,605","10,521","9,976","9,954","9,996","9,879","9,853","9,867","9,833","9,768","9,732","9,689","9,758","9,816"
,,Not in employment (PAYE) or self-employment,"10,078","10,215","10,135","10,080","9,813","9,476","9,293","9,225","9,058","8,803","8,673","8,524","8,636","8,635","8,542","8,584","8,569","8,459","8,574","8,616","8,712","8,899","8,839","8,848"
,,Total,"21,184","21,223","21,150","21,079","20,907","20,639","20,394","20,034","19,734","19,457","19,278","19,041","18,612","18,591","18,536","18,469","18,418","18,325","18,404","18,380","18,439","18,588","18,600","18,661"
,Newham,In employment (PAYE) or self-employment,"26,020","26,141","26,448","26,588","27,310","27,925","28,304","28,293","28,088","28,141","28,254","28,137","26,542","26,099","25,907","25,677","25,436","25,511","25,359","25,148","24,974","24,604","24,892","24,657"
,,Not in employment (PAYE) or self-employment,"27,803","28,572","29,022","29,011","28,268","27,407","26,942","26,720","26,310","25,866","25,576","25,117","25,190","25,143","24,736","24,821","24,960","24,741","24,896","25,201","25,090","25,777","25,635","25,912"
,,Total,"53,819","54,711","55,473","55,593","55,579","55,334","55,250","55,009","54,397","54,002","53,834","53,256","51,730","51,244","50,643","50,499","50,393","50,248","50,251","50,351","50,071","50,375","50,522","50,566"
,Redbridge,In employment (PAYE) or self-employment,"16,508","16,448","16,581","16,706","16,972","17,370","17,423","17,165","17,143","17,126","16,956","16,529","15,792","15,668","15,430","15,067","14,935","14,981","14,910","14,947","15,015","14,827","15,023","14,825"
,,Not in employment (PAYE) or self-employment,"16,762","17,140","17,255","17,170","17,003","16,576","16,343","16,341","15,946","15,819","15,599","15,151","15,196","15,098","14,859","14,867","14,851","14,744","14,990","15,091","15,134","15,502","15,363","15,637"
,,Total,"33,273","33,586","33,833","33,879","33,972","33,951","33,766","33,503","33,088","32,940","32,557","31,677","30,985","30,771","30,289","29,935","29,788","29,732","29,900","30,042","30,152","30,329","30,391","30,458"
,Richmond upon Thames,In employment (PAYE) or self-employment,"5,555","5,536","5,574","5,531","5,633","5,671","5,607","5,578","5,504","5,428","5,401","5,269","5,108","5,087","5,087","5,054","5,006","5,019","4,975","4,964","4,964","4,932","4,980","4,950"
,,Not in employment (PAYE) or self-employment,"5,434","5,512","5,522","5,510","5,372","5,231","5,123","5,024","4,897","4,798","4,676","4,600","4,610","4,597","4,510","4,500","4,516","4,484","4,605","4,655","4,674","4,752","4,781","4,789"
,,Total,"10,988","11,047","11,097","11,041","11,006","10,898","10,729","10,602","10,403","10,224","10,077","9,871","9,714","9,681","9,601","9,553","9,523","9,507","9,574","9,625","9,639","9,681","9,762","9,741"
,Southwark,In employment (PAYE) or self-employment,"20,093","20,060","20,228","20,306","20,765","21,121","21,232","21,089","20,984","20,653","20,406","20,195","19,242","18,945","18,826","18,679","18,534","18,590","18,293","18,272","18,223","17,976","18,042","17,904"
,,Not in employment (PAYE) or self-employment,"23,193","23,545","23,577","23,383","22,605","21,677","21,111","20,821","20,386","20,082","19,693","19,261","19,411","19,281","18,926","18,848","18,786","18,535","18,690","18,752","18,846","19,233","19,154","19,275"
,,Total,"43,282","43,606","43,806","43,691","43,373","42,801","42,343","41,913","41,367","40,735","40,101","39,461","38,650","38,225","37,753","37,523","37,325","37,128","36,984","37,023","37,068","37,203","37,200","37,180"
,Sutton,In employment (PAYE) or self-employment,"9,916","9,855","9,875","9,866","9,787","9,769","9,627","9,479","9,384","9,312","9,197","9,099","8,786","8,777","8,695","8,619","8,650","8,673","8,699","8,706","8,747","8,638","8,723","8,811"
,,Not in employment (PAYE) or self-employment,"9,343","9,472","9,495","9,353","9,181","9,015","8,884","8,832","8,749","8,564","8,429","8,278","8,343","8,238","8,156","8,124","8,132","8,149","8,279","8,289","8,297","8,450","8,396","8,421"
,,Total,"19,261","19,324","19,368","19,217","18,963","18,786","18,503","18,309","18,130","17,877","17,628","17,380","17,131","17,015","16,852","16,740","16,785","16,820","16,979","17,002","17,043","17,085","17,119","17,235"
,Tower Hamlets,In employment (PAYE) or self-employment,"19,816","19,760","20,155","20,388","21,144","21,930","22,497","22,517","22,322","22,106","21,913","21,526","20,595","20,360","20,249","20,123","19,917","19,828","19,780","19,738","19,595","19,403","19,627","19,581"
,,Not in employment (PAYE) or self-employment,"24,933","25,472","25,655","25,620","25,083","24,626","24,281","24,244","23,760","23,441","23,050","22,792","23,089","23,110","22,739","22,862","22,930","22,909","23,273","23,448","23,612","24,152","24,035","24,114"
,,Total,"44,752","45,235","45,808","46,006","46,227","46,554","46,781","46,763","46,078","45,549","44,963","44,318","43,678","43,467","42,993","42,990","42,846","42,738","43,050","43,182","43,210","43,555","43,661","43,690"
,Waltham Forest,In employment (PAYE) or self-employment,"18,021","18,003","18,311","18,361","18,658","18,867","18,845","18,508","18,260","18,212","17,985","17,690","16,767","16,624","16,640","16,479","16,397","16,396","16,179","16,189","16,133","15,886","16,069","15,958"
,,Not in employment (PAYE) or self-employment,"18,202","18,616","18,739","18,556","17,976","17,170","16,683","16,559","16,209","15,755","15,440","15,140","15,310","15,330","15,037","14,963","14,951","14,909","15,147","15,235","15,290","15,843","15,768","15,815"
,,Total,"36,220","36,619","37,050","36,918","36,638","36,032","35,529","35,066","34,469","33,967","33,422","32,831","32,076","31,955","31,685","31,436","31,353","31,303","31,322","31,422","31,424","31,729","31,833","31,771"
,Wandsworth,In employment (PAYE) or self-employment,"13,633","13,671","13,761","13,671","14,049","14,195","14,141","13,905","13,662","13,575","13,372","13,186","12,649","12,507","12,397","12,122","12,052","11,974","11,948","11,943","11,924","11,797","11,836","11,801"
,,Not in employment (PAYE) or self-employment,"13,697","13,925","13,959","13,795","13,327","12,830","12,515","12,512","12,328","12,014","11,652","11,421","11,515","11,548","11,321","11,322","11,249","11,350","11,492","11,612","11,673","11,907","11,861","11,950"
,,Total,"27,335","27,591","27,716","27,460","27,373","27,024","26,655","26,413","25,986","25,586","25,022","24,602","24,164","24,053","23,712","23,447","23,301","23,323","23,436","23,555","23,593","23,707","23,696","23,756"
,Westminster,In employment (PAYE) or self-employment,"7,549","7,662","7,803","7,965","8,237","8,462","8,704","8,716","8,562","8,501","8,587","8,458","8,172","8,043","7,987","7,896","7,935","7,999","7,915","7,901","7,865","7,689","7,748","7,612"
,,Not in employment (PAYE) or self-employment,"11,290","11,625","11,745","11,705","11,510","11,273","11,064","10,914","10,801","10,790","10,702","10,640","10,584","10,637","10,555","10,510","10,512","10,471","10,598","10,648","10,670","10,953","10,869","11,019"
,,Total,"18,840","19,287","19,541","19,665","19,749","19,738","19,768","19,626","19,367","19,288","19,290","19,098","18,755","18,677","18,548","18,409","18,446","18,470","18,516","18,550","18,536","18,642","18,613","18,630"
,Medway,In employment (PAYE) or self-employment,"12,464","12,569","12,486","12,427","12,652","12,771","12,575","12,456","12,391","12,619","12,650","12,820","12,364","12,226","12,194","12,150","11,975","12,101","12,096","12,238","12,395","12,232","12,437","12,483"
,,Not in employment (PAYE) or self-employment,"14,022","14,186","14,490","14,529","14,324","14,080","13,852","13,816","13,565","13,292","13,203","12,982","13,255","13,243","13,183","13,372","13,403","13,380","13,563","13,682","13,845","14,378","14,474","14,526"
,,Total,"26,487","26,751","26,973","26,962","26,973","26,851","26,427","26,271","25,955","25,912","25,860","25,802","25,616","25,470","25,380","25,520","25,378","25,481","25,654","25,923","26,241","26,611","26,913","27,010"
,Bracknell Forest,In employment (PAYE) or self-employment,"4,437","4,484","4,511","4,515","4,582","4,553","4,480","4,394","4,345","4,341","4,248","4,227","4,154","4,102","4,039","4,094","4,057","4,040","4,050","4,114","4,112","4,021","4,034","4,108"
,,Not in employment (PAYE) or self-employment,"3,388","3,418","3,405","3,369","3,264","3,179","3,109","3,070","2,981","2,896","2,852","2,807","2,881","2,875","2,812","2,852","2,868","2,885","2,957","2,999","3,024","3,120","3,151","3,136"
,,Total,"7,825","7,901","7,920","7,878","7,851","7,730","7,585","7,462","7,322","7,236","7,099","7,040","7,038","6,974","6,852","6,945","6,924","6,922","7,009","7,108","7,135","7,141","7,186","7,243"
,West Berkshire,In employment (PAYE) or self-employment,"5,173","5,202","5,216","5,152","5,233","5,215","5,240","5,189","5,111","5,098","5,136","5,063","4,860","4,775","4,777","4,785","4,791","4,828","4,927","4,987","5,031","4,994","4,953","4,891"
,,Not in employment (PAYE) or self-employment,"4,191","4,273","4,335","4,328","4,202","4,086","3,963","3,976","3,927","3,880","3,779","3,731","3,814","3,800","3,735","3,727","3,705","3,676","3,743","3,802","3,842","3,961","3,992","4,002"
,,Total,"9,367","9,475","9,548","9,481","9,430","9,303","9,203","9,160","9,037","8,978","8,911","8,790","8,675","8,575","8,505","8,520","8,495","8,504","8,673","8,784","8,875","8,954","8,945","8,897"
,Reading,In employment (PAYE) or self-employment,"7,997","7,993","8,049","8,092","8,267","8,390","8,462","8,333","8,266","8,330","8,329","8,297","7,953","7,840","7,729","7,693","7,595","7,635","7,726","7,693","7,641","7,584","7,660","7,613"
,,Not in employment (PAYE) or self-employment,"7,922","8,074","8,159","8,154","7,962","7,705","7,587","7,548","7,399","7,202","7,038","6,906","7,035","7,008","6,924","6,949","6,969","6,995","7,072","7,240","7,298","7,486","7,507","7,548"
,,Total,"15,917","16,068","16,210","16,247","16,224","16,091","16,045","15,880","15,668","15,530","15,368","15,203","14,992","14,850","14,657","14,640","14,564","14,631","14,800","14,934","14,941","15,075","15,166","15,157"
,Slough,In employment (PAYE) or self-employment,"9,314","9,307","9,375","9,453","9,585","9,678","9,778","9,735","9,615","9,726","9,643","9,576","9,295","8,952","8,849","8,878","8,883","8,936","8,946","8,921","8,955","8,824","8,804","8,716"
,,Not in employment (PAYE) or self-employment,"8,925","9,059","9,165","9,174","8,901","8,665","8,445","8,293","8,140","8,045","7,924","7,782","7,911","7,915","7,804","7,869","7,909","7,864","7,944","7,928","7,902","8,085","8,004","8,079"
,,Total,"18,240","18,368","18,539","18,623","18,488","18,341","18,222","18,030","17,755","17,769","17,567","17,356","17,210","16,871","16,657","16,749","16,795","16,804","16,890","16,841","16,857","16,906","16,804","16,795"
,Windsor and Maidenhead,In employment (PAYE) or self-employment,"4,682","4,600","4,630","4,606","4,696","4,704","4,631","4,546","4,430","4,412","4,419","4,341","4,202","4,120","4,051","4,002","3,987","4,012","4,092","4,113","4,051","4,034","4,001","3,967"
,,Not in employment (PAYE) or self-employment,"4,017","4,100","4,128","4,067","3,840","3,730","3,616","3,583","3,529","3,452","3,362","3,283","3,318","3,337","3,301","3,315","3,332","3,333","3,383","3,381","3,429","3,485","3,500","3,479"
,,Total,"8,696","8,700","8,753","8,673","8,540","8,431","8,249","8,126","7,957","7,863","7,784","7,625","7,524","7,457","7,357","7,313","7,314","7,348","7,475","7,499","7,484","7,519","7,503","7,444"
,Wokingham,In employment (PAYE) or self-employment,"4,445","4,413","4,455","4,481","4,547","4,522","4,468","4,423","4,299","4,212","4,197","4,196","4,042","3,981","3,937","3,926","3,880","3,841","3,807","3,872","3,841","3,860","3,870","3,884"
,,Not in employment (PAYE) or self-employment,"3,587","3,674","3,664","3,599","3,477","3,347","3,292","3,270","3,198","3,134","3,044","2,974","3,023","2,970","2,916","2,905","2,901","2,930","3,043","3,056","3,146","3,209","3,201","3,184"
,,Total,"8,033","8,083","8,119","8,083","8,024","7,870","7,762","7,697","7,493","7,341","7,243","7,172","7,066","6,951","6,856","6,829","6,782","6,772","6,847","6,934","6,988","7,071","7,073","7,070"
,Milton Keynes,In employment (PAYE) or self-employment,"13,066","12,631","12,534","12,667","12,737","12,857","12,987","12,913","12,886","13,066","13,133","12,988","12,647","12,413","12,151","12,011","12,070","12,233","12,341","12,255","12,277","12,107","12,344","12,310"
,,Not in employment (PAYE) or self-employment,"10,907","11,267","11,639","11,592","11,409","11,148","10,932","10,995","10,789","10,595","10,417","10,206","10,499","10,545","10,486","10,583","10,616","10,509","10,734","10,836","10,915","11,190","11,088","11,185"
,,Total,"23,967","23,898","24,174","24,257","24,145","24,005","23,916","23,910","23,678","23,660","23,552","23,197","23,141","22,960","22,635","22,591","22,686","22,745","23,076","23,091","23,190","23,298","23,434","23,500"
,Brighton and Hove,In employment (PAYE) or self-employment,"15,125","15,117","15,069","15,058","15,163","15,190","15,155","15,006","14,723","14,393","14,183","14,015","13,528","13,435","13,501","13,434","13,356","13,307","13,383","13,442","13,388","13,076","12,979","13,009"
,,Not in employment (PAYE) or self-employment,"13,753","13,983","13,898","13,673","13,091","12,550","12,330","12,252","12,047","11,833","11,646","11,425","11,568","11,510","11,354","11,294","11,260","11,321","11,413","11,497","11,594","11,916","12,090","12,110"
,,Total,"28,882","29,098","28,968","28,730","28,257","27,741","27,484","27,259","26,773","26,231","25,830","25,435","25,095","24,946","24,853","24,726","24,616","24,629","24,794","24,941","24,984","24,994","25,072","25,120"
,Portsmouth,In employment (PAYE) or self-employment,"10,717","10,735","10,716","10,732","10,988","11,019","11,015","10,939","10,887","10,846","10,765","10,721","10,431","10,263","10,392","10,317","10,222","10,292","10,383","10,430","10,546","10,428","10,513","10,474"
,,Not in employment (PAYE) or self-employment,"10,558","10,815","10,892","10,827","10,540","10,318","10,208","10,088","9,958","9,897","9,828","9,765","10,028","10,066","9,847","9,998","10,055","9,968","10,152","10,310","10,382","10,672","10,687","10,864"
,,Total,"21,274","21,549","21,607","21,558","21,526","21,337","21,221","21,031","20,844","20,746","20,591","20,488","20,459","20,333","20,242","20,318","20,278","20,259","20,530","20,740","20,931","21,097","21,202","21,336"
,Southampton,In employment (PAYE) or self-employment,"14,763","14,450","14,454","14,431","14,663","14,797","14,794","14,666","14,616","14,441","14,376","14,400","13,973","13,876","13,751","13,690","13,685","13,715","13,888","13,848","13,918","13,691","13,639","13,679"
,,Not in employment (PAYE) or self-employment,"15,032","15,286","15,375","15,297","14,847","14,595","14,271","14,093","13,904","13,620","13,509","13,265","13,511","13,535","13,442","13,522","13,529","13,508","13,605","13,704","13,758","14,077","14,247","14,226"
,,Total,"29,794","29,738","29,825","29,732","29,515","29,390","29,063","28,757","28,522","28,065","27,879","27,663","27,484","27,416","27,196","27,215","27,212","27,228","27,491","27,550","27,679","27,765","27,885","27,905"
,Isle of Wight,In employment (PAYE) or self-employment,"6,115","6,083","6,188","6,309","6,509","6,680","6,507","6,430","6,308","6,155","6,076","6,003","5,719","5,741","5,807","6,011","6,082","6,152","6,132","6,177","6,138","6,033","5,989","5,984"
,,Not in employment (PAYE) or self-employment,"6,136","6,233","6,208","6,043","5,798","5,476","5,311","5,244","5,194","5,191","5,260","5,326","5,548","5,526","5,435","5,330","5,211","5,184","5,269","5,321","5,388","5,618","5,801","5,987"
,,Total,"12,248","12,314","12,396","12,349","12,313","12,157","11,821","11,673","11,499","11,348","11,333","11,323","11,271","11,263","11,240","11,333","11,293","11,334","11,401","11,490","11,524","11,654","11,792","11,973"
,Buckinghamshire,In employment (PAYE) or self-employment,"16,869","16,874","17,006","17,118","17,241","17,351","17,099","16,600","16,395","16,448","16,612","16,365","15,819","15,421","15,422","15,470","15,349","15,381","15,423","15,615","15,794","15,746","15,784","15,821"
,,Not in employment (PAYE) or self-employment,"15,000","15,261","15,310","15,143","14,783","14,352","14,082","14,058","13,832","13,666","13,373","13,135","13,291","13,230","13,101","13,143","13,146","13,211","13,585","13,692","13,822","14,168","14,147","14,255"
,,Total,"31,863","32,132","32,316","32,260","32,022","31,703","31,181","30,659","30,225","30,117","29,984","29,503","29,106","28,643","28,517","28,615","28,495","28,597","29,006","29,312","29,613","29,914","29,926","30,078"
,Eastbourne,In employment (PAYE) or self-employment,"5,782","5,744","5,750","5,783","5,766","5,869","5,895","5,832","5,806","5,719","5,655","5,584","5,424","5,404","5,458","5,418","5,398","5,417","5,482","5,530","5,556","5,428","5,452","5,420"
,,Not in employment (PAYE) or self-employment,"5,761","5,792","5,807","5,776","5,672","5,477","5,355","5,310","5,221","5,234","5,299","5,230","5,355","5,360","5,276","5,259","5,258","5,232","5,316","5,392","5,447","5,588","5,628","5,707"
,,Total,"11,541","11,531","11,556","11,558","11,437","11,345","11,247","11,140","11,028","10,954","10,955","10,812","10,775","10,761","10,730","10,679","10,662","10,656","10,800","10,921","11,006","11,020","11,082","11,124"
,Hastings,In employment (PAYE) or self-employment,"5,882","5,856","5,866","5,904","6,018","6,128","6,144","6,076","6,025","5,950","5,835","5,756","5,574","5,518","5,637","5,639","5,593","5,617","5,586","5,585","5,607","5,492","5,409","5,433"
,,Not in employment (PAYE) or self-employment,"7,014","7,105","7,074","7,026","6,842","6,637","6,591","6,581","6,532","6,515","6,506","6,484","6,619","6,589","6,468","6,469","6,512","6,484","6,553","6,598","6,585","6,772","6,817","6,850"
,,Total,"12,897","12,961","12,942","12,928","12,859","12,761","12,735","12,657","12,560","12,464","12,340","12,237","12,190","12,103","12,105","12,112","12,105","12,101","12,143","12,181","12,192","12,270","12,228","12,287"
,Lewes,In employment (PAYE) or self-employment,"3,981","3,984","3,986","3,992","4,061","4,096","4,043","3,975","3,932","3,867","3,892","3,854","3,762","3,803","3,803","3,764","3,753","3,763","3,749","3,727","3,745","3,742","3,757","3,748"
,,Not in employment (PAYE) or self-employment,"3,542","3,605","3,590","3,546","3,411","3,293","3,264","3,283","3,244","3,226","3,173","3,118","3,151","3,168","3,132","3,151","3,147","3,173","3,239","3,296","3,292","3,349","3,389","3,440"
,,Total,"7,524","7,592","7,580","7,540","7,476","7,388","7,300","7,260","7,173","7,093","7,064","6,974","6,909","6,974","6,942","6,911","6,903","6,936","6,987","7,025","7,039","7,090","7,143","7,187"
,Rother,In employment (PAYE) or self-employment,"3,750","3,702","3,721","3,730","3,790","3,813","3,762","3,714","3,664","3,674","3,575","3,575","3,488","3,460","3,415","3,455","3,452","3,481","3,470","3,502","3,513","3,501","3,513","3,487"
,,Not in employment (PAYE) or self-employment,"3,683","3,709","3,685","3,628","3,514","3,426","3,416","3,405","3,390","3,345","3,329","3,306","3,373","3,380","3,358","3,344","3,353","3,366","3,462","3,492","3,497","3,562","3,585","3,620"
,,Total,"7,430","7,411","7,412","7,354","7,303","7,243","7,173","7,126","7,051","7,023","6,903","6,878","6,862","6,843","6,776","6,798","6,806","6,848","6,935","6,992","7,010","7,064","7,098","7,107"
,Wealden,In employment (PAYE) or self-employment,"5,314","5,265","5,197","5,174","5,178","5,148","5,110","5,008","4,890","4,818","4,801","4,694","4,517","4,484","4,494","4,457","4,468","4,530","4,561","4,589","4,609","4,605","4,708","4,691"
,,Not in employment (PAYE) or self-employment,"4,055","4,106","4,146","4,072","3,946","3,834","3,749","3,723","3,667","3,592","3,522","3,479","3,537","3,539","3,474","3,536","3,536","3,561","3,675","3,741","3,745","3,830","3,779","3,832"
,,Total,"9,368","9,374","9,346","9,244","9,122","8,981","8,862","8,727","8,558","8,407","8,320","8,175","8,057","8,025","7,968","7,992","8,003","8,093","8,238","8,330","8,352","8,438","8,486","8,520"
,Basingstoke and Deane,In employment (PAYE) or self-employment,"6,379","6,302","6,360","6,356","6,479","6,495","6,411","6,345","6,306","6,344","6,248","6,250","6,114","6,106","6,152","6,188","6,111","6,169","6,265","6,320","6,326","6,320","6,408","6,471"
,,Not in employment (PAYE) or self-employment,"5,279","5,429","5,469","5,416","5,254","5,170","5,112","5,059","4,923","4,805","4,790","4,742","4,844","4,843","4,735","4,718","4,783","4,785","4,947","5,024","5,104","5,263","5,283","5,291"
,,Total,"11,656","11,729","11,829","11,769","11,739","11,663","11,524","11,400","11,227","11,145","11,033","10,997","10,962","10,944","10,889","10,909","10,895","10,955","11,211","11,340","11,431","11,586","11,691","11,756"
,East Hampshire,In employment (PAYE) or self-employment,"3,731","3,788","3,834","3,816","3,811","3,789","3,713","3,642","3,467","3,447","3,477","3,471","3,387","3,351","3,379","3,397","3,358","3,396","3,449","3,484","3,531","3,516","3,556","3,544"
,,Not in employment (PAYE) or self-employment,"2,676","2,722","2,718","2,698","2,605","2,508","2,474","2,456","2,448","2,415","2,318","2,292","2,367","2,358","2,334","2,333","2,344","2,336","2,417","2,422","2,425","2,543","2,530","2,610"
,,Total,"6,412","6,512","6,549","6,513","6,418","6,301","6,186","6,099","5,914","5,857","5,797","5,763","5,753","5,714","5,717","5,729","5,706","5,730","5,869","5,905","5,959","6,052","6,087","6,157"
,Eastleigh,In employment (PAYE) or self-employment,"5,337","5,289","5,291","5,256","5,235","5,247","5,224","5,174","5,092","5,043","5,066","5,018","4,930","4,951","4,901","4,924","4,939","4,987","5,003","5,051","5,098","5,038","5,108","5,126"
,,Not in employment (PAYE) or self-employment,"3,737","3,788","3,820","3,784","3,692","3,583","3,511","3,516","3,446","3,301","3,227","3,188","3,261","3,259","3,205","3,221","3,228","3,253","3,317","3,348","3,351","3,509","3,515","3,541"
,,Total,"9,073","9,077","9,107","9,034","8,926","8,831","8,737","8,688","8,537","8,349","8,294","8,206","8,193","8,206","8,098","8,139","8,166","8,240","8,323","8,403","8,450","8,548","8,621","8,666"
,Fareham,In employment (PAYE) or self-employment,"3,152","3,158","3,174","3,111","3,088","2,969","2,858","2,810","2,811","2,768","2,751","2,780","2,686","2,740","2,710","2,718","2,735","2,753","2,764","2,800","2,821","2,820","2,845","2,865"
,,Not in employment (PAYE) or self-employment,"2,360","2,385","2,387","2,379","2,299","2,227","2,182","2,131","2,106","2,072","2,033","1,974","2,018","2,001","2,007","2,043","2,018","2,064","2,123","2,147","2,167","2,253","2,222","2,220"
,,Total,"5,507","5,540","5,556","5,488","5,388","5,191","5,038","4,940","4,921","4,839","4,780","4,754","4,704","4,738","4,716","4,766","4,747","4,820","4,886","4,951","4,984","5,075","5,070","5,084"
,Gosport,In employment (PAYE) or self-employment,"3,832","3,830","3,826","3,786","3,876","3,941","3,967","3,982","3,988","4,019","4,081","4,049","3,938","3,919","3,902","3,850","3,842","3,846","3,911","3,975","3,993","4,017","4,007","4,046"
,,Not in employment (PAYE) or self-employment,"3,324","3,414","3,450","3,433","3,343","3,299","3,257","3,271","3,191","3,180","3,108","3,122","3,241","3,237","3,203","3,246","3,278","3,312","3,408","3,410","3,443","3,555","3,574","3,555"
,,Total,"7,156","7,248","7,271","7,217","7,220","7,244","7,223","7,253","7,180","7,202","7,190","7,171","7,180","7,154","7,107","7,089","7,122","7,162","7,314","7,384","7,436","7,574","7,585","7,598"
,Hart,In employment (PAYE) or self-employment,"2,468","2,511","2,469","2,458","2,441","2,456","2,412","2,364","2,302","2,272","2,264","2,247","2,154","2,170","2,149","2,143","2,114","2,132","2,190","2,211","2,253","2,214","2,257","2,250"
,,Not in employment (PAYE) or self-employment,"1,726","1,720","1,747","1,721","1,635","1,574","1,546","1,553","1,521","1,479","1,457","1,425","1,474","1,457","1,465","1,435","1,433","1,451","1,460","1,494","1,481","1,559","1,545","1,570"
,,Total,"4,192","4,236","4,222","4,173","4,082","4,029","3,960","3,920","3,819","3,754","3,721","3,670","3,626","3,626","3,610","3,574","3,550","3,580","3,651","3,709","3,731","3,773","3,796","3,817"
,Havant,In employment (PAYE) or self-employment,"5,317","5,281","5,278","5,296","5,349","5,321","5,279","5,241","5,295","5,216","5,232","5,229","5,005","4,958","4,998","4,979","4,966","5,029","5,012","5,087","5,118","5,087","5,092","5,104"
,,Not in employment (PAYE) or self-employment,"4,808","4,960","4,991","4,930","4,823","4,760","4,678","4,680","4,532","4,558","4,520","4,495","4,675","4,651","4,564","4,631","4,658","4,668","4,780","4,835","4,867","5,048","5,102","5,143"
,,Total,"10,122","10,238","10,274","10,225","10,176","10,080","9,961","9,920","9,828","9,778","9,749","9,721","9,678","9,610","9,558","9,607","9,620","9,691","9,790","9,922","9,986","10,137","10,193","10,246"
,New Forest,In employment (PAYE) or self-employment,"5,797","5,731","5,747","5,761","5,803","5,799","5,710","5,600","5,496","5,382","5,344","5,297","5,201","5,137","5,140","5,120","5,088","5,142","5,144","5,187","5,299","5,233","5,225","5,275"
,,Not in employment (PAYE) or self-employment,"4,417","4,492","4,528","4,446","4,278","4,141","4,031","3,971","3,920","3,866","3,843","3,825","3,890","3,897","3,841","3,834","3,859","3,842","3,976","4,006","3,986","4,151","4,210","4,275"
,,Total,"10,217","10,222","10,272","10,210","10,078","9,940","9,745","9,565","9,416","9,251","9,188","9,124","9,090","9,034","8,978","8,956","8,945","8,982","9,115","9,195","9,285","9,376","9,439","9,552"
,Rushmoor,In employment (PAYE) or self-employment,"3,837","3,823","3,778","3,782","3,798","3,826","3,848","3,815","3,794","3,700","3,690","3,677","3,600","3,599","3,602","3,612","3,611","3,624","3,687","3,725","3,726","3,729","3,712","3,753"
,,Not in employment (PAYE) or self-employment,"3,293","3,398","3,511","3,514","3,469","3,376","3,318","3,317","3,287","3,248","3,162","3,063","3,131","3,141","3,107","3,101","3,083","3,108","3,141","3,178","3,212","3,270","3,320","3,335"
,,Total,"7,131","7,217","7,288","7,298","7,267","7,209","7,170","7,126","7,081","6,944","6,851","6,741","6,730","6,738","6,710","6,712","6,695","6,729","6,827","6,904","6,940","6,999","7,032","7,086"
,Test Valley,In employment (PAYE) or self-employment,"4,271","4,236","4,224","4,231","4,283","4,323","4,275","4,248","4,196","4,147","4,102","4,151","4,068","4,124","4,084","4,057","4,037","4,162","4,264","4,359","4,417","4,442","4,470","4,457"
,,Not in employment (PAYE) or self-employment,"3,208","3,306","3,359","3,305","3,200","3,153","3,098","3,086","3,064","3,008","2,968","2,937","3,030","3,005","2,976","2,977","3,018","3,019","3,110","3,156","3,192","3,268","3,281","3,316"
,,Total,"7,477","7,546","7,578","7,536","7,479","7,479","7,376","7,332","7,256","7,154","7,073","7,090","7,096","7,131","7,054","7,034","7,056","7,180","7,374","7,509","7,611","7,708","7,755","7,770"
,Winchester,In employment (PAYE) or self-employment,"3,463","3,493","3,576","3,579","3,515","3,501","3,468","3,449","3,396","3,392","3,328","3,346","3,270","3,298","3,322","3,331","3,301","3,332","3,403","3,458","3,493","3,528","3,553","3,594"
,,Not in employment (PAYE) or self-employment,"2,924","2,963","2,937","2,893","2,835","2,735","2,703","2,692","2,664","2,633","2,611","2,604","2,660","2,650","2,601","2,600","2,640","2,616","2,713","2,752","2,768","2,894","2,919","2,944"
,,Total,"6,391","6,458","6,513","6,471","6,351","6,234","6,171","6,142","6,060","6,022","5,941","5,945","5,925","5,949","5,925","5,933","5,940","5,951","6,116","6,206","6,258","6,416","6,471","6,540"
,Ashford,In employment (PAYE) or self-employment,"5,637","5,639","5,625","5,544","5,635","5,633","5,561","5,399","5,332","5,366","5,304","5,291","5,141","5,170","5,220","5,193","5,171","5,212","5,194","5,219","5,217","5,187","5,228","5,240"
,,Not in employment (PAYE) or self-employment,"5,409","5,470","5,421","5,380","5,279","5,160","5,055","5,081","4,967","4,959","4,928","4,871","4,981","4,919","4,847","4,962","4,965","4,962","5,071","5,097","5,131","5,254","5,271","5,283"
,,Total,"11,049","11,106","11,049","10,924","10,912","10,790","10,615","10,482","10,303","10,322","10,228","10,158","10,121","10,091","10,066","10,152","10,134","10,171","10,268","10,317","10,342","10,442","10,496","10,525"
,Canterbury,In employment (PAYE) or self-employment,"5,640","5,654","5,605","5,498","5,506","5,531","5,503","5,410","5,406","5,359","5,428","5,352","5,282","5,298","5,348","5,377","5,354","5,453","5,489","5,469","5,508","5,445","5,409","5,416"
,,Not in employment (PAYE) or self-employment,"6,083","6,176","6,231","6,211","6,078","5,891","5,786","5,740","5,628","5,712","5,694","5,681","5,791","5,819","5,793","5,780","5,811","5,758","5,763","5,850","5,908","6,145","6,225","6,358"
,,Total,"11,721","11,829","11,834","11,712","11,588","11,419","11,290","11,145","11,031","11,071","11,119","11,025","11,076","11,119","11,145","11,162","11,163","11,209","11,260","11,317","11,414","11,584","11,636","11,771"
,Dartford,In employment (PAYE) or self-employment,"4,925","5,014","4,971","4,947","4,973","5,029","4,948","4,913","4,859","4,860","4,846","4,810","4,612","4,596","4,544","4,566","4,546","4,562","4,579","4,553","4,581","4,532","4,593","4,615"
,,Not in employment (PAYE) or self-employment,"4,438","4,535","4,581","4,515","4,424","4,281","4,227","4,222","4,173","4,147","4,057","3,974","4,041","4,055","4,017","4,036","4,059","4,056","4,085","4,187","4,174","4,345","4,284","4,390"
,,Total,"9,364","9,553","9,551","9,464","9,395","9,306","9,174","9,139","9,029","9,008","8,906","8,778","8,656","8,650","8,564","8,599","8,607","8,625","8,666","8,743","8,756","8,875","8,876","9,001"
,Dover,In employment (PAYE) or self-employment,"5,061","5,101","5,094","5,071","5,120","5,242","5,166","5,028","4,946","4,927","4,850","4,856","4,696","4,757","4,820","4,871","4,866","4,886","4,915","4,963","4,979","4,876","4,850","4,870"
,,Not in employment (PAYE) or self-employment,"6,338","6,319","6,309","6,281","6,136","5,971","5,881","5,859","5,866","5,847","5,852","5,828","5,941","5,918","5,844","5,846","5,854","5,795","5,896","5,930","5,974","6,214","6,272","6,312"
,,Total,"11,397","11,421","11,402","11,348","11,254","11,212","11,050","10,889","10,808","10,780","10,704","10,679","10,639","10,675","10,661","10,719","10,716","10,679","10,811","10,890","10,956","11,084","11,119","11,179"
,Gravesham,In employment (PAYE) or self-employment,"5,038","5,017","4,999","4,969","5,085","5,113","5,130","5,158","5,157","5,082","4,973","5,006","4,916","4,849","4,949","4,990","4,988","5,044","5,081","5,046","5,008","4,965","5,060","5,055"
,,Not in employment (PAYE) or self-employment,"5,473","5,558","5,603","5,646","5,519","5,385","5,238","5,198","5,079","5,068","5,027","5,012","5,053","5,110","5,008","5,062","5,054","5,086","5,172","5,226","5,292","5,437","5,365","5,392"
,,Total,"10,515","10,577","10,598","10,620","10,606","10,503","10,369","10,361","10,235","10,152","10,002","10,019","9,972","9,956","9,958","10,055","10,041","10,128","10,254","10,271","10,300","10,400","10,420","10,452"
,Maidstone,In employment (PAYE) or self-employment,"6,434","6,449","6,398","6,393","6,452","6,443","6,345","6,253","6,234","6,166","6,166","6,176","6,030","6,089","6,077","6,081","6,085","6,171","6,264","6,284","6,324","6,342","6,363","6,391"
,,Not in employment (PAYE) or self-employment,"5,917","6,026","6,122","6,143","6,045","5,906","5,860","5,980","5,889","5,879","5,829","5,715","5,856","5,896","5,849","5,884","5,929","5,941","6,055","6,141","6,162","6,304","6,351","6,324"
,,Total,"12,351","12,479","12,524","12,534","12,499","12,348","12,208","12,233","12,127","12,045","11,995","11,888","11,886","11,984","11,932","11,961","12,011","12,107","12,316","12,424","12,481","12,650","12,715","12,720"
,Sevenoaks,In employment (PAYE) or self-employment,"3,217","3,283","3,329","3,324","3,360","3,256","3,251","3,193","3,114","3,044","3,011","2,955","2,847","2,832","2,831","2,779","2,793","2,805","2,832","2,809","2,854","2,815","2,897","2,907"
,,Not in employment (PAYE) or self-employment,"3,181","3,238","3,259","3,228","3,103","3,048","2,972","2,966","2,923","2,898","2,864","2,817","2,820","2,818","2,783","2,805","2,789","2,827","2,882","2,937","2,904","3,038","2,998","3,058"
,,Total,"6,402","6,521","6,588","6,554","6,464","6,311","6,226","6,162","6,033","5,939","5,873","5,768","5,664","5,647","5,610","5,580","5,584","5,633","5,715","5,745","5,758","5,857","5,894","5,965"
,Folkestone and Hythe,In employment (PAYE) or self-employment,"4,649","4,690","4,690","4,639","4,743","4,871","4,791","4,675","4,671","4,593","4,540","4,495","4,324","4,376","4,437","4,400","4,346","4,357","4,346","4,417","4,445","4,321","4,319","4,297"
,,Not in employment (PAYE) or self-employment,"5,436","5,497","5,478","5,478","5,344","5,159","5,033","5,018","5,010","5,004","5,012","4,999","5,066","5,063","4,986","4,969","4,980","4,918","4,995","5,033","5,033","5,205","5,285","5,333"
,,Total,"10,083","10,191","10,171","10,116","10,086","10,032","9,825","9,695","9,680","9,601","9,552","9,493","9,387","9,444","9,425","9,374","9,326","9,273","9,342","9,447","9,478","9,522","9,603","9,631"
,Swale,In employment (PAYE) or self-employment,"6,488","6,519","6,449","6,405","6,566","6,633","6,631","6,583","6,599","6,641","6,626","6,557","6,441","6,450","6,490","6,462","6,419","6,455","6,495","6,521","6,509","6,493","6,498","6,487"
,,Not in employment (PAYE) or self-employment,"7,822","8,014","8,139","8,137","7,977","7,864","7,749","7,779","7,647","7,617","7,559","7,466","7,543","7,579","7,482","7,517","7,533","7,529","7,602","7,695","7,785","8,010","8,089","8,150"
,,Total,"14,309","14,534","14,581","14,543","14,540","14,497","14,375","14,366","14,246","14,256","14,187","14,022","13,981","14,029","13,971","13,973","13,958","13,979","14,098","14,218","14,288","14,504","14,583","14,635"
,Thanet,In employment (PAYE) or self-employment,"8,577","8,651","8,705","8,620","8,711","8,732","8,628","8,561","8,559","8,420","8,381","8,235","8,086","8,060","8,053","8,052","8,107","8,154","8,130","8,106","8,164","8,025","7,969","7,969"
,,Not in employment (PAYE) or self-employment,"10,335","10,333","10,256","10,329","10,135","9,914","9,722","9,651","9,570","9,532","9,482","9,414","9,541","9,590","9,450","9,471","9,376","9,346","9,473","9,584","9,664","9,962","10,065","10,110"
,,Total,"18,912","18,978","18,959","18,947","18,850","18,643","18,350","18,214","18,128","17,953","17,860","17,643","17,629","17,647","17,501","17,519","17,490","17,499","17,601","17,687","17,823","17,986","18,035","18,083"
,Tonbridge and Malling,In employment (PAYE) or self-employment,"4,043","4,079","4,101","4,041","4,040","4,050","4,015","3,913","3,903","3,899","3,860","3,875","3,752","3,793","3,789","3,777","3,757","3,804","3,799","3,786","3,822","3,827","3,884","3,941"
,,Not in employment (PAYE) or self-employment,"3,482","3,523","3,536","3,558","3,492","3,378","3,288","3,318","3,269","3,220","3,191","3,095","3,147","3,189","3,154","3,235","3,262","3,254","3,308","3,342","3,336","3,450","3,482","3,490"
,,Total,"7,525","7,601","7,637","7,606","7,526","7,426","7,303","7,229","7,173","7,121","7,049","6,969","6,897","6,981","6,940","7,010","7,019","7,058","7,106","7,127","7,160","7,283","7,369","7,434"
,Tunbridge Wells,In employment (PAYE) or self-employment,"3,889","3,962","3,930","3,884","3,891","3,872","3,816","3,751","3,667","3,687","3,679","3,658","3,508","3,536","3,525","3,511","3,458","3,510","3,515","3,530","3,533","3,510","3,566","3,550"
,,Not in employment (PAYE) or self-employment,"3,213","3,252","3,311","3,311","3,202","3,092","3,039","3,041","3,021","2,960","2,932","2,881","2,957","2,944","2,934","2,929","2,959","2,956","3,034","3,063","3,069","3,131","3,121","3,121"
,,Total,"7,100","7,213","7,248","7,194","7,093","6,960","6,860","6,793","6,686","6,651","6,606","6,539","6,468","6,482","6,453","6,441","6,416","6,462","6,550","6,591","6,599","6,643","6,688","6,674"
,Cherwell,In employment (PAYE) or self-employment,"6,269","6,254","6,367","6,362","6,451","6,452","6,469","6,397","6,328","6,329","6,310","6,261","5,871","5,794","5,730","5,674","5,701","5,707","5,745","5,773","5,790","5,746","5,763","5,802"
,,Not in employment (PAYE) or self-employment,"4,688","4,882","4,907","4,900","4,742","4,617","4,520","4,618","4,515","4,539","4,403","4,284","4,294","4,283","4,270","4,256","4,217","4,277","4,326","4,370","4,359","4,516","4,570","4,605"
,,Total,"10,964","11,138","11,277","11,259","11,194","11,075","10,995","11,022","10,846","10,867","10,710","10,544","10,172","10,081","9,998","9,936","9,918","9,986","10,071","10,140","10,154","10,263","10,331","10,408"
,Oxford,In employment (PAYE) or self-employment,"5,249","5,261","5,323","5,308","5,394","5,418","5,458","5,368","5,353","5,455","5,385","5,340","5,052","4,992","4,991","4,966","4,872","4,900","4,913","4,985","4,988","4,896","4,905","4,908"
,,Not in employment (PAYE) or self-employment,"5,607","5,741","5,816","5,824","5,693","5,546","5,400","5,449","5,300","5,155","5,101","5,028","5,097","5,058","5,015","5,032","4,997","5,014","5,067","5,090","5,101","5,198","5,200","5,287"
,,Total,"10,855","10,998","11,139","11,128","11,090","10,965","10,862","10,820","10,655","10,605","10,482","10,365","10,153","10,057","10,002","9,993","9,869","9,914","9,984","10,075","10,087","10,093","10,108","10,200"
,South Oxfordshire,In employment (PAYE) or self-employment,"4,258","4,249","4,282","4,226","4,273","4,284","4,199","4,130","4,044","4,019","3,981","3,933","3,791","3,738","3,737","3,741","3,702","3,738","3,839","3,813","3,870","3,829","3,877","3,918"
,,Not in employment (PAYE) or self-employment,"3,181","3,244","3,272","3,237","3,137","3,069","3,003","3,005","2,972","2,898","2,872","2,833","2,875","2,873","2,807","2,796","2,774","2,816","2,913","2,944","2,956","3,073","3,094","3,103"
,,Total,"7,432","7,497","7,550","7,467","7,407","7,356","7,206","7,133","7,010","6,920","6,858","6,772","6,663","6,608","6,545","6,536","6,474","6,553","6,752","6,756","6,827","6,900","6,964","7,016"
,Vale of White Horse,In employment (PAYE) or self-employment,"4,017","4,012","4,009","4,058","4,097","4,086","4,144","4,148","4,165","4,187","4,098","4,036","3,974","3,956","3,982","3,947","3,999","4,057","4,073","4,029","4,042","4,058","4,076","4,104"
,,Not in employment (PAYE) or self-employment,"3,517","3,576","3,611","3,580","3,483","3,426","3,365","3,361","3,252","3,281","3,233","3,187","3,258","3,226","3,191","3,244","3,230","3,276","3,356","3,359","3,413","3,429","3,455","3,483"
,,Total,"7,531","7,593","7,628","7,637","7,583","7,512","7,509","7,511","7,420","7,468","7,330","7,224","7,234","7,183","7,173","7,194","7,227","7,340","7,428","7,388","7,450","7,490","7,536","7,591"
,West Oxfordshire,In employment (PAYE) or self-employment,"3,542","3,518","3,524","3,523","3,563","3,579","3,570","3,386","3,284","3,249","3,246","3,259","3,197","3,226","3,226","3,298","3,260","3,300","3,329","3,383","3,397","3,416","3,456","3,480"
,,Not in employment (PAYE) or self-employment,"2,755","2,822","2,848","2,829","2,754","2,670","2,632","2,592","2,606","2,535","2,529","2,470","2,515","2,527","2,534","2,507","2,500","2,495","2,627","2,656","2,704","2,756","2,750","2,780"
,,Total,"6,300","6,341","6,371","6,352","6,317","6,246","6,205","5,982","5,888","5,783","5,771","5,731","5,713","5,750","5,763","5,808","5,764","5,796","5,953","6,043","6,101","6,170","6,206","6,254"
,Elmbridge,In employment (PAYE) or self-employment,"3,607","3,538","3,518","3,498","3,550","3,509","3,480","3,424","3,383","3,288","3,208","3,136","3,023","3,015","3,025","2,952","2,921","2,973","3,010","3,063","3,073","3,040","3,063","3,021"
,,Not in employment (PAYE) or self-employment,"2,907","2,971","3,005","2,982","2,863","2,736","2,682","2,652","2,611","2,611","2,568","2,514","2,538","2,523","2,465","2,492","2,523","2,515","2,590","2,622","2,669","2,748","2,771","2,799"
,,Total,"6,514","6,509","6,523","6,477","6,408","6,245","6,160","6,076","5,991","5,901","5,778","5,649","5,553","5,538","5,488","5,440","5,446","5,487","5,601","5,684","5,743","5,787","5,837","5,816"
,Epsom and Ewell,In employment (PAYE) or self-employment,"2,324","2,303","2,313","2,304","2,282","2,267","2,282","2,224","2,179","2,119","2,074","2,044","1,977","1,987","1,976","1,947","1,974","1,985","2,021","2,042","2,033","2,050","2,054","2,054"
,,Not in employment (PAYE) or self-employment,"1,834","1,867","1,872","1,847","1,805","1,730","1,693","1,669","1,630","1,598","1,544","1,506","1,516","1,522","1,497","1,502","1,486","1,485","1,487","1,475","1,502","1,534","1,561","1,558"
,,Total,"4,160","4,171","4,185","4,148","4,090","3,999","3,970","3,897","3,805","3,719","3,616","3,551","3,498","3,510","3,469","3,446","3,460","3,472","3,513","3,513","3,536","3,583","3,618","3,611"
,Guildford,In employment (PAYE) or self-employment,"3,790","3,769","3,811","3,837","3,817","3,806","3,713","3,685","3,621","3,515","3,479","3,493","3,399","3,356","3,414","3,409","3,417","3,415","3,396","3,460","3,499","3,443","3,443","3,469"
,,Not in employment (PAYE) or self-employment,"3,049","3,141","3,186","3,148","3,038","2,924","2,859","2,829","2,771","2,732","2,721","2,606","2,665","2,699","2,624","2,646","2,624","2,621","2,730","2,814","2,838","2,953","2,934","2,949"
,,Total,"6,840","6,911","6,998","6,981","6,857","6,731","6,572","6,515","6,394","6,251","6,200","6,098","6,064","6,055","6,039","6,051","6,040","6,036","6,127","6,273","6,342","6,393","6,382","6,419"
,Mole Valley,In employment (PAYE) or self-employment,"2,311","2,270","2,291","2,296","2,245","2,263","2,209","2,185","2,131","2,041","1,946","1,934","1,869","1,866","1,879","1,919","1,894","1,935","1,919","1,981","1,966","1,994","1,998","1,992"
,,Not in employment (PAYE) or self-employment,"1,771","1,815","1,806","1,774","1,729","1,635","1,625","1,615","1,607","1,567","1,534","1,509","1,526","1,539","1,490","1,473","1,488","1,480","1,563","1,539","1,568","1,586","1,639","1,642"
,,Total,"4,074","4,084","4,091","4,066","3,976","3,902","3,833","3,801","3,734","3,605","3,476","3,444","3,393","3,400","3,374","3,394","3,381","3,414","3,479","3,517","3,538","3,578","3,636","3,632"
,Reigate and Banstead,In employment (PAYE) or self-employment,"4,612","4,639","4,670","4,664","4,675","4,670","4,616","4,517","4,520","4,448","4,315","4,248","4,096","4,095","4,070","4,096","4,075","4,093","4,132","4,158","4,179","4,099","4,116","4,145"
,,Not in employment (PAYE) or self-employment,"3,892","3,994","4,031","3,968","3,819","3,730","3,659","3,607","3,545","3,423","3,289","3,228","3,272","3,247","3,245","3,203","3,214","3,199","3,257","3,314","3,305","3,404","3,428","3,439"
,,Total,"8,501","8,637","8,696","8,633","8,494","8,397","8,275","8,126","8,068","7,870","7,609","7,472","7,368","7,345","7,317","7,294","7,286","7,293","7,387","7,478","7,480","7,501","7,544","7,586"
,Runnymede,In employment (PAYE) or self-employment,"2,707","2,693","2,660","2,691","2,731","2,765","2,781","2,723","2,685","2,609","2,570","2,511","2,427","2,413","2,400","2,405","2,394","2,398","2,375","2,388","2,442","2,388","2,391","2,372"
,,Not in employment (PAYE) or self-employment,"2,458","2,510","2,546","2,543","2,427","2,318","2,267","2,293","2,251","2,196","2,173","2,134","2,158","2,151","2,119","2,101","2,124","2,093","2,184","2,205","2,210","2,259","2,295","2,294"
,,Total,"5,158","5,204","5,208","5,236","5,154","5,081","5,048","5,019","4,933","4,804","4,739","4,649","4,585","4,561","4,515","4,504","4,519","4,487","4,562","4,589","4,653","4,648","4,688","4,668"
,Spelthorne,In employment (PAYE) or self-employment,"3,706","3,749","3,776","3,748","3,812","3,795","3,819","3,842","3,823","3,829","3,836","3,794","3,615","3,569","3,509","3,533","3,522","3,589","3,635","3,638","3,647","3,632","3,622","3,586"
,,Not in employment (PAYE) or self-employment,"3,517","3,617","3,656","3,631","3,568","3,471","3,434","3,398","3,317","3,278","3,236","3,176","3,227","3,213","3,163","3,157","3,209","3,154","3,226","3,241","3,298","3,409","3,432","3,454"
,,Total,"7,221","7,365","7,428","7,374","7,382","7,262","7,252","7,240","7,138","7,106","7,069","6,976","6,843","6,775","6,669","6,683","6,733","6,742","6,863","6,880","6,948","7,039","7,060","7,040"
,Surrey Heath,In employment (PAYE) or self-employment,"2,580","2,575","2,561","2,504","2,529","2,520","2,507","2,463","2,415","2,378","2,321","2,310","2,257","2,219","2,195","2,161","2,168","2,183","2,196","2,218","2,219","2,189","2,228","2,223"
,,Not in employment (PAYE) or self-employment,"1,980","2,041","2,039","2,009","1,937","1,841","1,774","1,750","1,726","1,676","1,684","1,651","1,672","1,686","1,669","1,694","1,682","1,686","1,748","1,744","1,762","1,787","1,782","1,781"
,,Total,"4,564","4,621","4,593","4,515","4,463","4,358","4,281","4,214","4,142","4,053","4,005","3,961","3,929","3,907","3,862","3,854","3,853","3,871","3,943","3,960","3,985","3,973","4,012","4,000"
,Tandridge,In employment (PAYE) or self-employment,"2,678","2,684","2,680","2,667","2,723","2,682","2,624","2,608","2,542","2,475","2,427","2,386","2,259","2,258","2,263","2,260","2,259","2,303","2,294","2,354","2,365","2,362","2,388","2,391"
,,Not in employment (PAYE) or self-employment,"2,342","2,345","2,331","2,315","2,228","2,184","2,169","2,090","2,059","2,002","1,951","1,928","1,961","1,962","1,906","1,915","1,946","1,960","2,038","2,046","2,064","2,101","2,083","2,109"
,,Total,"5,016","5,024","5,017","4,985","4,944","4,873","4,790","4,695","4,597","4,478","4,379","4,312","4,224","4,216","4,171","4,177","4,208","4,269","4,335","4,398","4,431","4,466","4,470","4,500"
,Waverley,In employment (PAYE) or self-employment,"2,936","2,955","2,961","2,969","2,940","2,924","2,925","2,852","2,809","2,769","2,743","2,720","2,661","2,628","2,636","2,649","2,673","2,706","2,744","2,800","2,821","2,792","2,807","2,850"
,,Not in employment (PAYE) or self-employment,"2,377","2,413","2,442","2,388","2,316","2,246","2,157","2,134","2,098","2,067","2,036","2,005","2,043","2,060","2,027","2,009","2,000","2,004","2,129","2,169","2,237","2,308","2,287","2,295"
,,Total,"5,314","5,368","5,399","5,357","5,254","5,174","5,076","4,985","4,904","4,834","4,786","4,732","4,702","4,687","4,660","4,660","4,674","4,710","4,873","4,968","5,058","5,093","5,094","5,142"
,Woking,In employment (PAYE) or self-employment,"3,335","3,399","3,440","3,501","3,484","3,497","3,419","3,383","3,321","3,295","3,256","3,244","3,142","3,085","3,111","3,111","3,044","3,071","3,098","3,127","3,184","3,192","3,184","3,189"
,,Not in employment (PAYE) or self-employment,"2,783","2,798","2,838","2,799","2,713","2,617","2,573","2,571","2,523","2,492","2,444","2,404","2,446","2,459","2,405","2,388","2,413","2,448","2,495","2,516","2,596","2,632","2,671","2,720"
,,Total,"6,114","6,189","6,279","6,295","6,199","6,116","5,989","5,947","5,848","5,787","5,698","5,648","5,589","5,546","5,518","5,500","5,464","5,524","5,593","5,650","5,780","5,823","5,857","5,912"
,Adur,In employment (PAYE) or self-employment,"2,727","2,745","2,771","2,785","2,752","2,748","2,708","2,692","2,648","2,628","2,583","2,556","2,455","2,460","2,479","2,432","2,415","2,425","2,441","2,425","2,423","2,388","2,356","2,359"
,,Not in employment (PAYE) or self-employment,"2,288","2,329","2,328","2,316","2,276","2,196","2,159","2,128","2,053","2,010","1,973","1,931","1,963","1,959","1,936","1,917","1,908","1,910","1,944","1,949","1,943","2,011","2,031","2,015"
,,Total,"5,016","5,068","5,097","5,096","5,028","4,948","4,867","4,818","4,702","4,638","4,556","4,487","4,419","4,420","4,417","4,347","4,323","4,332","4,388","4,379","4,365","4,399","4,385","4,368"
,Arun,In employment (PAYE) or self-employment,"6,780","6,896","6,860","6,863","6,873","6,938","6,911","6,803","6,792","6,745","6,663","6,612","6,475","6,403","6,477","6,513","6,504","6,493","6,580","6,632","6,698","6,687","6,675","6,622"
,,Not in employment (PAYE) or self-employment,"5,744","5,878","5,934","5,875","5,691","5,492","5,384","5,432","5,341","5,317","5,296","5,274","5,381","5,387","5,269","5,240","5,218","5,259","5,316","5,344","5,354","5,487","5,556","5,624"
,,Total,"12,520","12,773","12,799","12,738","12,566","12,429","12,293","12,236","12,136","12,062","11,960","11,887","11,853","11,793","11,749","11,751","11,717","11,750","11,898","11,978","12,048","12,177","12,235","12,248"
,Chichester,In employment (PAYE) or self-employment,"4,281","4,260","4,264","4,314","4,425","4,462","4,422","4,355","4,236","4,220","4,192","4,146","3,974","3,961","4,035","4,032","3,998","4,032","4,121","4,186","4,194","4,149","4,125","4,154"
,,Not in employment (PAYE) or self-employment,"3,495","3,571","3,601","3,531","3,350","3,258","3,223","3,232","3,247","3,195","3,151","3,114","3,221","3,198","3,152","3,130","3,114","3,128","3,232","3,292","3,331","3,402","3,506","3,516"
,,Total,"7,772","7,834","7,867","7,840","7,774","7,719","7,645","7,586","7,476","7,412","7,344","7,261","7,195","7,155","7,187","7,160","7,105","7,157","7,358","7,478","7,524","7,550","7,627","7,663"
,Crawley,In employment (PAYE) or self-employment,"7,304","7,298","7,285","7,217","7,327","7,432","7,389","7,346","7,335","7,151","7,171","7,081","6,817","6,820","6,822","6,860","6,843","6,932","6,891","6,945","6,941","6,780","6,788","6,814"
,,Not in employment (PAYE) or self-employment,"6,350","6,524","6,637","6,650","6,374","6,073","5,929","5,862","5,723","5,600","5,399","5,296","5,414","5,440","5,337","5,343","5,259","5,165","5,313","5,375","5,404","5,600","5,659","5,636"
,,Total,"13,648","13,820","13,926","13,870","13,705","13,502","13,317","13,211","13,055","12,749","12,576","12,376","12,228","12,260","12,164","12,205","12,107","12,097","12,205","12,321","12,347","12,376","12,446","12,450"
,Horsham,In employment (PAYE) or self-employment,"4,524","4,501","4,484","4,489","4,555","4,514","4,462","4,394","4,313","4,249","4,157","4,107","4,001","4,005","4,026","4,001","4,003","4,062","4,097","4,148","4,191","4,163","4,127","4,129"
,,Not in employment (PAYE) or self-employment,"3,196","3,277","3,306","3,268","3,093","3,007","2,948","2,930","2,868","2,792","2,728","2,694","2,742","2,709","2,652","2,652","2,617","2,649","2,730","2,799","2,817","2,912","2,893","2,929"
,,Total,"7,716","7,776","7,784","7,762","7,644","7,516","7,407","7,327","7,187","7,043","6,883","6,803","6,746","6,716","6,677","6,656","6,621","6,709","6,829","6,949","7,013","7,074","7,015","7,050"
,Mid Sussex,In employment (PAYE) or self-employment,"4,912","4,834","4,807","4,798","4,829","4,801","4,723","4,661","4,613","4,531","4,444","4,348","4,166","4,163","4,143","4,142","4,112","4,150","4,231","4,255","4,318","4,261","4,280","4,302"
,,Not in employment (PAYE) or self-employment,"3,088","3,124","3,131","3,093","2,989","2,822","2,745","2,699","2,689","2,611","2,579","2,528","2,577","2,550","2,540","2,568","2,598","2,615","2,683","2,739","2,747","2,833","2,842","2,873"
,,Total,"7,999","7,956","7,937","7,886","7,811","7,624","7,472","7,360","7,300","7,139","7,025","6,874","6,745","6,706","6,689","6,711","6,707","6,769","6,913","6,992","7,070","7,096","7,120","7,173"
,Worthing,In employment (PAYE) or self-employment,"4,830","4,769","4,836","4,818","4,853","4,842","4,832","4,785","4,746","4,733","4,684","4,652","4,462","4,512","4,526","4,538","4,477","4,513","4,491","4,546","4,528","4,426","4,415","4,429"
,,Not in employment (PAYE) or self-employment,"4,039","4,113","4,135","4,092","3,991","3,891","3,827","3,821","3,743","3,692","3,643","3,574","3,638","3,599","3,507","3,483","3,509","3,477","3,625","3,615","3,672","3,787","3,792","3,784"
,,Total,"8,868","8,881","8,967","8,910","8,847","8,729","8,662","8,609","8,487","8,426","8,324","8,226","8,099","8,106","8,034","8,023","7,984","7,989","8,120","8,158","8,203","8,210","8,205","8,212"
,Bath and North East Somerset,In employment (PAYE) or self-employment,"7,301","7,280","7,284","7,214","7,221","7,232","7,161","6,947","6,851","6,625","6,614","6,662","6,512","6,483","6,410","6,355","6,333","6,360","6,416","6,369","6,344","6,289","6,296","6,288"
,,Not in employment (PAYE) or self-employment,"6,287","6,352","6,383","6,341","6,112","5,861","5,762","5,763","5,713","5,624","5,518","5,425","5,536","5,488","5,400","5,419","5,383","5,339","5,398","5,449","5,488","5,630","5,610","5,592"
,,Total,"13,585","13,634","13,670","13,555","13,333","13,095","12,928","12,707","12,559","12,250","12,130","12,082","12,049","11,970","11,812","11,771","11,717","11,705","11,816","11,817","11,827","11,922","11,908","11,874"
,"Bristol, City of",In employment (PAYE) or self-employment,"21,131","21,156","21,150","21,131","21,454","21,543","21,288","20,905","20,275","19,796","19,591","19,395","18,888","18,776","18,791","18,820","18,626","18,733","18,764","18,669","18,764","18,502","18,477","18,556"
,,Not in employment (PAYE) or self-employment,"21,381","21,788","21,836","21,780","21,229","20,718","20,434","20,346","20,108","19,783","19,659","19,449","19,572","19,666","19,364","19,456","19,575","19,518","19,799","19,992","20,222","20,889","21,024","21,107"
,,Total,"42,516","42,947","42,982","42,908","42,684","42,264","41,723","41,249","40,387","39,584","39,249","38,842","38,455","38,438","38,161","38,272","38,204","38,248","38,562","38,657","38,987","39,391","39,502","39,668"
,North Somerset,In employment (PAYE) or self-employment,"8,522","8,273","8,279","8,242","8,269","8,320","8,343","8,203","8,079","7,933","7,952","7,921","7,729","7,654","7,633","7,646","7,634","7,650","7,741","7,785","7,782","7,726","7,639","7,680"
,,Not in employment (PAYE) or self-employment,"7,372","7,483","7,505","7,397","7,208","6,980","6,886","6,882","6,796","6,700","6,612","6,571","6,752","6,755","6,649","6,680","6,619","6,716","6,833","6,885","6,944","7,142","7,227","7,252"
,,Total,"15,888","15,757","15,785","15,640","15,477","15,300","15,232","15,082","14,873","14,632","14,564","14,490","14,486","14,412","14,283","14,328","14,249","14,372","14,575","14,668","14,724","14,866","14,871","14,927"
,South Gloucestershire,In employment (PAYE) or self-employment,"9,597","9,627","9,612","9,517","9,551","9,565","9,492","9,222","9,070","9,035","9,056","9,013","8,741","8,722","8,738","8,709","8,690","8,767","8,730","8,788","8,860","8,776","8,850","8,881"
,,Not in employment (PAYE) or self-employment,"7,036","7,267","7,320","7,312","7,204","7,020","6,881","6,838","6,780","6,711","6,671","6,494","6,585","6,616","6,500","6,537","6,563","6,549","6,742","6,832","6,909","7,170","7,153","7,208"
,,Total,"16,635","16,893","16,926","16,828","16,752","16,583","16,374","16,057","15,853","15,752","15,726","15,508","15,329","15,332","15,236","15,249","15,249","15,316","15,474","15,624","15,769","15,947","16,003","16,084"
,Plymouth,In employment (PAYE) or self-employment,"13,256","13,137","13,154","13,234","13,448","13,402","13,193","13,172","12,985","13,051","13,073","12,976","12,551","12,533","12,527","12,591","12,546","12,642","12,711","12,852","12,939","12,724","12,713","12,739"
,,Not in employment (PAYE) or self-employment,"13,907","14,176","14,251","14,124","13,859","13,645","13,511","13,522","13,428","13,302","13,141","13,005","13,402","13,384","13,321","13,437","13,475","13,590","13,764","13,792","13,890","14,301","14,393","14,488"
,,Total,"27,166","27,312","27,406","27,356","27,307","27,050","26,703","26,693","26,413","26,347","26,212","25,980","25,949","25,919","25,851","26,035","26,020","26,235","26,473","26,641","26,832","27,020","27,097","27,226"
,Torbay,In employment (PAYE) or self-employment,"7,062","7,028","7,036","7,049","7,251","7,307","7,187","7,102","7,026","6,910","6,780","6,656","6,423","6,452","6,546","6,678","6,643","6,716","6,794","6,761","6,730","6,626","6,610","6,607"
,,Not in employment (PAYE) or self-employment,"6,917","7,061","7,105","7,006","6,731","6,462","6,380","6,306","6,192","6,177","6,163","6,123","6,317","6,361","6,316","6,260","6,229","6,179","6,244","6,272","6,373","6,629","6,757","6,878"
,,Total,"13,974","14,089","14,136","14,053","13,981","13,766","13,566","13,407","13,219","13,088","12,941","12,780","12,747","12,816","12,868","12,937","12,871","12,900","13,038","13,036","13,102","13,258","13,366","13,482"
,Swindon,In employment (PAYE) or self-employment,"10,996","11,066","11,132","11,136","11,174","11,191","11,312","11,335","11,282","11,197","11,166","11,185","10,770","10,538","10,412","10,368","10,284","10,339","10,358","10,418","10,422","10,323","10,310","10,406"
,,Not in employment (PAYE) or self-employment,"10,816","10,992","11,056","10,967","10,777","10,518","10,378","10,250","10,164","10,122","9,909","9,689","9,881","9,885","9,792","9,877","9,900","9,838","9,947","10,079","10,111","10,409","10,429","10,369"
,,Total,"21,807","22,052","22,190","22,105","21,948","21,714","21,693","21,588","21,447","21,321","21,073","20,873","20,654","20,420","20,205","20,247","20,186","20,176","20,307","20,498","20,537","20,731","20,740","20,773"
,Cornwall,In employment (PAYE) or self-employment,"26,774","26,684","26,790","27,097","27,749","27,663","27,312","26,707","26,119","25,342","24,816","24,584","23,874","23,931","24,209","24,485","24,480","24,683","24,885","24,982","24,928","24,545","24,448","24,384"
,,Not in employment (PAYE) or self-employment,"22,241","22,686","22,751","22,263","21,078","20,150","19,701","19,611","19,372","19,331","19,277","19,266","19,934","19,973","19,644","19,519","19,384","19,295","19,478","19,722","19,899","20,875","21,408","21,956"
,,Total,"49,012","49,370","49,544","49,358","48,827","47,812","47,020","46,316","45,492","44,668","44,093","43,855","43,801","43,908","43,856","44,001","43,861","43,978","44,366","44,705","44,827","45,422","45,858","46,341"
,Isles of Scilly,In employment (PAYE) or self-employment,72,77,73,69,78,94,83,84,82,65,60,59,45,48,57,74,72,67,64,58,58,55,52,49
,,Not in employment (PAYE) or self-employment,49,44,45,41,24,19,23,14,15,21,17,24,28,27,29,18,15,17,19,14,12,17,18,26
,,Total,116,123,112,111,107,113,103,105,96,82,78,81,77,71,84,92,89,85,80,70,71,74,64,70
,Wiltshire,In employment (PAYE) or self-employment,"18,160","18,168","18,234","18,198","18,356","18,376","18,289","18,106","17,892","17,802","17,752","17,673","17,222","17,292","17,332","17,114","17,115","17,268","17,468","17,650","17,760","17,649","17,615","17,729"
,,Not in employment (PAYE) or self-employment,"15,060","15,375","15,494","15,423","15,101","14,736","14,421","14,391","14,209","14,065","13,809","13,622","13,878","13,808","13,602","13,739","13,647","13,685","14,004","14,169","14,234","14,573","14,789","14,742"
,,Total,"33,221","33,541","33,725","33,627","33,458","33,110","32,709","32,499","32,104","31,864","31,561","31,291","31,096","31,098","30,934","30,856","30,767","30,952","31,471","31,818","31,988","32,222","32,407","32,477"
,"Bournemouth, Christchurch and Poole",In employment (PAYE) or self-employment,"18,847","18,726","18,774","18,851","19,122","19,170","19,121","18,892","18,635","18,165","17,892","17,766","17,322","17,317","17,304","17,304","17,343","17,437","17,472","17,663","17,731","17,397","17,335","17,340"
,,Not in employment (PAYE) or self-employment,"17,526","17,741","17,852","17,641","17,093","16,561","16,144","16,018","15,683","15,529","15,441","15,261","15,578","15,546","15,435","15,414","15,353","15,282","15,492","15,547","15,598","16,000","16,288","16,381"
,,Total,"36,374","36,464","36,629","36,491","36,216","35,726","35,264","34,908","34,315","33,692","33,334","33,032","32,898","32,858","32,740","32,715","32,698","32,721","32,966","33,213","33,334","33,400","33,626","33,721"
,Dorset,In employment (PAYE) or self-employment,"13,827","13,626","13,661","13,800","14,031","14,125","14,142","13,981","13,585","13,261","12,996","12,919","12,529","12,604","12,693","12,817","12,821","12,928","13,020","13,184","13,278","13,119","13,153","13,142"
,,Not in employment (PAYE) or self-employment,"11,259","11,363","11,401","11,173","10,757","10,374","10,142","10,073","9,962","9,882","9,887","9,829","10,173","10,113","9,934","9,864","9,875","9,885","10,126","10,227","10,333","10,655","10,787","10,928"
,,Total,"25,086","24,983","25,065","24,970","24,790","24,501","24,293","24,049","23,543","23,148","22,877","22,751","22,707","22,722","22,634","22,681","22,697","22,816","23,146","23,416","23,607","23,774","23,941","24,079"
,Somerset,In employment (PAYE) or self-employment,"24,601","24,359","24,392","24,410","24,665","24,811","24,708","24,501","24,002","23,659","23,573","23,280","22,567","22,677","22,733","22,762","22,738","22,830","23,071","23,224","23,337","23,076","22,865","22,922"
,,Not in employment (PAYE) or self-employment,"22,032","22,343","22,291","21,916","21,392","20,869","20,596","20,553","20,358","20,163","20,004","19,911","20,286","20,256","20,021","20,067","19,951","19,927","20,168","20,304","20,402","20,927","21,183","21,401"
,,Total,"46,632","46,698","46,677","46,325","46,055","45,680","45,307","45,053","44,362","43,818","43,576","43,191","42,856","42,935","42,759","42,828","42,688","42,766","43,238","43,524","43,745","44,004","44,051","44,322"
,East Devon,In employment (PAYE) or self-employment,"5,007","5,047","5,110","5,137","5,190","5,154","5,121","5,086","4,906","4,765","4,741","4,635","4,476","4,532","4,585","4,607","4,631","4,658","4,725","4,745","4,804","4,807","4,798","4,793"
,,Not in employment (PAYE) or self-employment,"3,667","3,748","3,768","3,683","3,528","3,431","3,335","3,311","3,286","3,312","3,288","3,274","3,401","3,363","3,290","3,279","3,261","3,307","3,339","3,395","3,484","3,564","3,638","3,703"
,,Total,"8,677","8,792","8,880","8,820","8,717","8,585","8,459","8,394","8,188","8,075","8,026","7,907","7,875","7,895","7,874","7,883","7,892","7,968","8,064","8,136","8,283","8,373","8,435","8,498"
,Exeter,In employment (PAYE) or self-employment,"4,796","4,805","4,703","4,755","4,853","4,869","4,848","4,803","4,677","4,602","4,537","4,493","4,382","4,367","4,376","4,395","4,418","4,413","4,450","4,523","4,536","4,453","4,476","4,466"
,,Not in employment (PAYE) or self-employment,"4,178","4,225","4,322","4,260","4,114","4,018","3,911","3,880","3,847","3,798","3,851","3,825","3,938","3,945","3,863","3,857","3,855","3,906","3,980","4,040","4,111","4,266","4,332","4,362"
,,Total,"8,978","9,032","9,023","9,012","8,965","8,883","8,757","8,683","8,527","8,398","8,386","8,320","8,321","8,312","8,243","8,253","8,271","8,317","8,427","8,559","8,647","8,721","8,811","8,830"
,Mid Devon,In employment (PAYE) or self-employment,"3,007","3,024","3,049","3,083","3,125","3,065","3,014","2,961","2,939","2,951","2,974","2,951","2,882","2,860","2,817","2,798","2,809","2,801","2,856","2,874","2,901","2,900","2,907","2,888"
,,Not in employment (PAYE) or self-employment,"2,307","2,361","2,380","2,383","2,318","2,284","2,266","2,279","2,265","2,241","2,209","2,189","2,249","2,241","2,278","2,254","2,249","2,265","2,300","2,326","2,329","2,370","2,423","2,467"
,,Total,"5,311","5,389","5,423","5,471","5,442","5,354","5,281","5,245","5,200","5,192","5,179","5,148","5,130","5,105","5,089","5,047","5,059","5,063","5,159","5,202","5,229","5,266","5,329","5,351"
,North Devon,In employment (PAYE) or self-employment,"4,293","4,269","4,291","4,341","4,494","4,508","4,465","4,292","4,178","4,131","4,061","3,953","3,800","3,806","3,836","3,945","3,988","4,003","4,042","4,079","4,068","4,034","4,065","4,017"
,,Not in employment (PAYE) or self-employment,"3,634","3,739","3,709","3,650","3,457","3,294","3,183","3,176","3,118","3,118","3,108","3,170","3,308","3,327","3,310","3,206","3,161","3,172","3,229","3,273","3,307","3,441","3,504","3,602"
,,Total,"7,932","8,007","8,003","7,990","7,946","7,800","7,653","7,469","7,296","7,251","7,167","7,128","7,104","7,135","7,141","7,153","7,147","7,175","7,274","7,350","7,376","7,477","7,572","7,616"
,South Hams,In employment (PAYE) or self-employment,"3,020","2,985","3,020","3,031","3,034","3,071","2,982","2,902","2,831","2,787","2,778","2,687","2,657","2,654","2,647","2,685","2,701","2,690","2,718","2,766","2,766","2,739","2,698","2,710"
,,Not in employment (PAYE) or self-employment,"2,278","2,322","2,314","2,226","2,141","2,020","1,991","2,000","2,009","2,000","1,969","1,984","2,029","2,017","2,009","1,952","1,924","1,930","1,966","1,969","1,988","2,025","2,076","2,078"
,,Total,"5,301","5,310","5,338","5,253","5,181","5,092","4,975","4,896","4,833","4,789","4,743","4,674","4,687","4,672","4,653","4,639","4,624","4,623","4,684","4,738","4,750","4,764","4,773","4,790"
,Teignbridge,In employment (PAYE) or self-employment,"5,165","5,165","5,162","5,174","5,255","5,348","5,199","5,021","4,973","4,905","4,833","4,819","4,693","4,687","4,680","4,728","4,714","4,765","4,797","4,867","4,879","4,764","4,806","4,819"
,,Not in employment (PAYE) or self-employment,"3,856","3,944","4,028","3,944","3,873","3,691","3,606","3,632","3,575","3,513","3,502","3,462","3,591","3,566","3,546","3,518","3,524","3,560","3,592","3,609","3,670","3,875","3,888","3,912"
,,Total,"9,024","9,115","9,188","9,121","9,123","9,041","8,807","8,654","8,543","8,420","8,332","8,281","8,283","8,249","8,230","8,246","8,238","8,323","8,389","8,475","8,552","8,642","8,696","8,732"
,Torridge,In employment (PAYE) or self-employment,"2,840","2,825","2,868","2,890","2,967","2,975","2,959","2,915","2,807","2,716","2,689","2,638","2,550","2,538","2,589","2,632","2,666","2,680","2,713","2,718","2,708","2,672","2,674","2,672"
,,Not in employment (PAYE) or self-employment,"2,462","2,494","2,481","2,406","2,337","2,242","2,178","2,171","2,158","2,129","2,128","2,108","2,205","2,195","2,142","2,124","2,112","2,108","2,105","2,149","2,190","2,246","2,283","2,343"
,,Total,"5,303","5,320","5,349","5,300","5,305","5,218","5,138","5,087","4,965","4,850","4,816","4,744","4,752","4,730","4,727","4,749","4,774","4,789","4,816","4,865","4,897","4,917","4,957","5,018"
,West Devon,In employment (PAYE) or self-employment,"1,866","1,837","1,852","1,832","1,869","1,890","1,856","1,812","1,775","1,751","1,742","1,719","1,634","1,657","1,650","1,673","1,665","1,692","1,721","1,741","1,735","1,709","1,704","1,709"
,,Not in employment (PAYE) or self-employment,"1,455","1,481","1,464","1,451","1,399","1,346","1,335","1,315","1,312","1,309","1,302","1,303","1,355","1,350","1,333","1,332","1,335","1,358","1,388","1,394","1,439","1,506","1,517","1,547"
,,Total,"3,320","3,324","3,318","3,287","3,269","3,232","3,195","3,131","3,090","3,058","3,050","3,023","2,986","3,008","2,980","3,009","3,003","3,051","3,103","3,136","3,180","3,216","3,222","3,261"
,Cheltenham,In employment (PAYE) or self-employment,"4,984","4,880","4,902","4,830","4,926","4,888","4,853","4,750","4,618","4,500","4,435","4,325","4,188","4,204","4,209","4,177","4,165","4,143","4,156","4,234","4,240","4,147","4,110","4,136"
,,Not in employment (PAYE) or self-employment,"4,117","4,210","4,193","4,149","3,987","3,864","3,816","3,808","3,755","3,667","3,623","3,571","3,614","3,615","3,562","3,584","3,547","3,591","3,618","3,617","3,679","3,761","3,741","3,760"
,,Total,"9,098","9,090","9,102","8,978","8,913","8,752","8,670","8,558","8,370","8,164","8,055","7,897","7,801","7,818","7,770","7,763","7,712","7,736","7,769","7,853","7,922","7,912","7,853","7,894"
,Cotswold,In employment (PAYE) or self-employment,"2,911","2,871","2,857","2,843","2,863","2,868","2,881","2,807","2,750","2,697","2,634","2,598","2,501","2,467","2,476","2,500","2,492","2,535","2,537","2,554","2,560","2,546","2,516","2,498"
,,Not in employment (PAYE) or self-employment,"2,142","2,214","2,180","2,169","2,083","2,017","1,953","1,913","1,923","1,867","1,862","1,843","1,857","1,843","1,802","1,785","1,763","1,764","1,827","1,868","1,905","1,932","1,929","1,961"
,,Total,"5,056","5,084","5,041","5,017","4,950","4,886","4,835","4,726","4,671","4,566","4,501","4,442","4,358","4,309","4,279","4,285","4,257","4,297","4,366","4,417","4,464","4,473","4,449","4,464"
,Forest of Dean,In employment (PAYE) or self-employment,"3,044","3,077","3,082","3,076","3,116","3,105","3,102","3,069","3,007","3,022","2,980","2,908","2,834","2,811","2,802","2,819","2,835","2,860","2,883","2,916","2,925","2,887","2,923","2,945"
,,Not in employment (PAYE) or self-employment,"3,094","3,106","3,118","3,057","2,985","2,912","2,856","2,849","2,803","2,775","2,755","2,744","2,766","2,752","2,726","2,736","2,750","2,759","2,835","2,871","2,897","3,001","2,996","2,999"
,,Total,"6,143","6,190","6,200","6,137","6,097","6,016","5,965","5,919","5,813","5,798","5,734","5,651","5,601","5,565","5,524","5,557","5,583","5,618","5,723","5,791","5,822","5,884","5,921","5,943"
,Gloucester,In employment (PAYE) or self-employment,"6,152","6,132","6,157","6,063","6,141","6,216","6,238","6,189","6,115","5,940","5,893","5,901","5,680","5,710","5,655","5,654","5,599","5,561","5,641","5,762","5,791","5,805","5,760","5,737"
,,Not in employment (PAYE) or self-employment,"5,964","6,065","6,098","6,089","5,982","5,833","5,819","5,848","5,746","5,690","5,650","5,619","5,777","5,731","5,728","5,751","5,757","5,749","5,955","5,992","5,985","6,167","6,216","6,185"
,,Total,"12,119","12,197","12,256","12,151","12,125","12,047","12,056","12,036","11,861","11,629","11,549","11,517","11,455","11,444","11,380","11,403","11,354","11,312","11,596","11,747","11,777","11,968","11,974","11,923"
,Stroud,In employment (PAYE) or self-employment,"3,874","3,880","3,881","3,881","3,902","3,902","3,903","3,706","3,652","3,624","3,576","3,566","3,407","3,407","3,432","3,470","3,500","3,520","3,565","3,545","3,575","3,551","3,580","3,604"
,,Not in employment (PAYE) or self-employment,"3,146","3,195","3,201","3,115","3,015","2,958","2,851","2,889","2,837","2,857","2,851","2,805","2,853","2,828","2,796","2,764","2,759","2,797","2,822","2,879","2,891","2,981","3,000","3,020"
,,Total,"7,021","7,078","7,085","6,995","6,919","6,864","6,756","6,595","6,489","6,477","6,427","6,370","6,263","6,239","6,226","6,235","6,256","6,313","6,389","6,425","6,466","6,537","6,583","6,618"
,Tewkesbury,In employment (PAYE) or self-employment,"3,420","3,360","3,391","3,284","3,324","3,333","3,322","3,338","3,299","3,262","3,242","3,218","3,166","3,182","3,194","3,215","3,204","3,232","3,237","3,293","3,282","3,318","3,340","3,351"
,,Not in employment (PAYE) or self-employment,"2,539","2,587","2,564","2,576","2,501","2,428","2,398","2,388","2,375","2,336","2,302","2,314","2,356","2,366","2,315","2,325","2,330","2,371","2,449","2,453","2,491","2,576","2,591","2,596"
,,Total,"5,958","5,948","5,956","5,862","5,826","5,760","5,723","5,720","5,677","5,600","5,551","5,529","5,520","5,548","5,506","5,543","5,541","5,606","5,685","5,744","5,777","5,893","5,937","5,945"
,Isle of Anglesey / Ynys Môn,In employment (PAYE) or self-employment,"2,517","2,471","2,514","2,500","2,582","2,708","2,723","2,696","2,636","2,617","2,599","2,604","2,582","2,579","2,631","2,626","2,621","2,619","2,649","2,702","2,688","2,642","2,632","2,623"
,,Not in employment (PAYE) or self-employment,"2,661","2,748","2,754","2,747","2,693","2,563","2,544","2,548","2,538","2,549","2,548","2,559","2,581","2,620","2,569","2,560","2,576","2,598","2,630","2,639","2,659","2,744","2,800","2,876"
,,Total,"5,181","5,219","5,269","5,247","5,276","5,271","5,268","5,246","5,176","5,171","5,154","5,162","5,164","5,197","5,195","5,188","5,194","5,213","5,284","5,345","5,344","5,380","5,431","5,498"
,Gwynedd / Gwynedd,In employment (PAYE) or self-employment,"4,324","4,333","4,326","4,440","4,601","4,719","4,721","4,643","4,501","4,456","4,350","4,325","4,161","4,186","4,329","4,356","4,358","4,397","4,480","4,501","4,442","4,332","4,334","4,319"
,,Not in employment (PAYE) or self-employment,"4,625","4,691","4,675","4,567","4,335","4,089","4,019","3,969","3,996","4,002","4,054","4,093","4,261","4,282","4,144","4,021","3,937","3,949","4,043","4,097","4,169","4,346","4,485","4,637"
,,Total,"8,948","9,024","9,004","9,009","8,937","8,804","8,746","8,613","8,497","8,458","8,405","8,423","8,422","8,470","8,473","8,379","8,300","8,352","8,528","8,595","8,609","8,675","8,821","8,959"
,Conwy / Conwy,In employment (PAYE) or self-employment,"4,781","4,756","4,725","4,765","4,997","5,177","5,199","5,125","4,968","4,962","4,829","4,761","4,614","4,652","4,683","4,639","4,679","4,714","4,681","4,721","4,684","4,527","4,521","4,491"
,,Not in employment (PAYE) or self-employment,"5,318","5,430","5,419","5,364","5,177","4,883","4,838","4,785","4,709","4,695","4,718","4,759","4,895","4,909","4,826","4,797","4,749","4,747","4,872","4,945","4,991","5,192","5,304","5,411"
,,Total,"10,099","10,186","10,143","10,130","10,174","10,060","10,028","9,908","9,680","9,658","9,546","9,523","9,512","9,561","9,507","9,433","9,433","9,464","9,556","9,664","9,678","9,718","9,829","9,901"
,Denbighshire / Sir Ddinbych,In employment (PAYE) or self-employment,"3,871","3,885","3,910","3,958","4,126","4,263","4,289","4,288","4,200","4,073","4,041","3,991","3,823","3,850","3,995","4,011","3,979","4,021","4,029","4,059","3,997","3,931","3,917","3,902"
,,Not in employment (PAYE) or self-employment,"5,091","5,167","5,155","5,159","4,994","4,828","4,724","4,642","4,640","4,692","4,690","4,685","4,882","4,874","4,731","4,743","4,756","4,693","4,793","4,845","4,929","5,089","5,178","5,298"
,,Total,"8,962","9,048","9,068","9,118","9,115","9,085","9,015","8,930","8,839","8,764","8,731","8,679","8,705","8,720","8,724","8,756","8,736","8,713","8,826","8,905","8,925","9,022","9,093","9,197"
,Flintshire / Sir y Fflint,In employment (PAYE) or self-employment,"6,511","6,424","6,383","6,370","6,475","6,598","6,564","6,578","6,420","6,367","6,353","6,336","6,154","6,181","6,177","6,099","6,134","6,168","6,188","6,215","6,223","6,127","6,162","6,262"
,,Not in employment (PAYE) or self-employment,"6,919","7,045","7,090","7,021","6,821","6,594","6,536","6,517","6,537","6,517","6,423","6,357","6,526","6,482","6,410","6,454","6,444","6,412","6,566","6,646","6,685","6,887","6,901","6,900"
,,Total,"13,431","13,471","13,479","13,388","13,296","13,195","13,096","13,095","12,957","12,876","12,774","12,691","12,680","12,667","12,584","12,551","12,581","12,588","12,753","12,867","12,910","13,014","13,058","13,163"
,Wrexham / Wrecsam,In employment (PAYE) or self-employment,"6,195","6,195","6,229","6,227","6,337","6,458","6,439","6,447","6,403","6,459","6,432","6,473","6,365","6,410","6,394","6,272","6,257","6,323","6,294","6,326","6,269","6,250","6,297","6,307"
,,Not in employment (PAYE) or self-employment,"6,987","7,072","7,054","7,046","6,954","6,715","6,657","6,646","6,601","6,486","6,486","6,365","6,510","6,449","6,408","6,444","6,516","6,467","6,598","6,679","6,687","6,820","6,832","6,907"
,,Total,"13,185","13,269","13,282","13,272","13,292","13,179","13,099","13,088","13,007","12,939","12,919","12,839","12,869","12,857","12,808","12,715","12,774","12,792","12,894","13,003","12,956","13,066","13,124","13,213"
,Ceredigion / Ceredigion,In employment (PAYE) or self-employment,"2,311","2,314","2,393","2,435","2,496","2,510","2,455","2,485","2,414","2,363","2,330","2,310","2,222","2,273","2,331","2,349","2,348","2,343","2,386","2,427","2,445","2,354","2,365","2,387"
,,Not in employment (PAYE) or self-employment,"2,307","2,337","2,329","2,249","2,172","2,098","2,074","2,067","2,072","2,086","2,088","2,128","2,216","2,221","2,138","2,118","2,097","2,124","2,209","2,240","2,259","2,343","2,362","2,428"
,,Total,"4,620","4,655","4,721","4,687","4,673","4,609","4,528","4,554","4,488","4,450","4,419","4,439","4,436","4,492","4,472","4,467","4,447","4,461","4,595","4,667","4,706","4,692","4,730","4,816"
,Pembrokeshire / Sir Benfro,In employment (PAYE) or self-employment,"4,968","4,980","5,047","5,076","5,212","5,264","5,220","5,137","5,024","4,961","4,815","4,762","4,615","4,742","4,878","4,894","4,867","4,939","5,009","5,000","4,977","4,921","4,948","4,919"
,,Not in employment (PAYE) or self-employment,"5,097","5,118","5,087","4,988","4,827","4,710","4,637","4,682","4,709","4,753","4,736","4,790","5,056","5,013","4,932","4,839","4,851","4,829","4,875","4,961","5,035","5,228","5,352","5,424"
,,Total,"10,063","10,099","10,134","10,063","10,034","9,978","9,855","9,820","9,740","9,714","9,551","9,551","9,669","9,754","9,809","9,735","9,714","9,764","9,888","9,961","10,008","10,147","10,300","10,344"
,Carmarthenshire / Sir Gaerfyrddin,In employment (PAYE) or self-employment,"6,497","6,522","6,490","6,546","6,767","6,835","6,839","6,828","6,739","6,779","6,733","6,782","6,645","6,662","6,644","6,614","6,646","6,668","6,776","6,800","6,817","6,801","6,852","6,841"
,,Not in employment (PAYE) or self-employment,"7,516","7,703","7,777","7,730","7,568","7,501","7,468","7,576","7,559","7,528","7,486","7,427","7,579","7,616","7,496","7,602","7,671","7,711","7,836","8,001","8,114","8,338","8,414","8,513"
,,Total,"14,009","14,221","14,263","14,275","14,333","14,335","14,306","14,402","14,294","14,305","14,225","14,204","14,221","14,280","14,141","14,212","14,317","14,377","14,607","14,799","14,931","15,139","15,261","15,354"
,Swansea / Abertawe,In employment (PAYE) or self-employment,"9,768","9,602","9,670","9,530","9,833","10,031","10,109","10,136","10,099","10,140","10,167","10,318","10,086","10,071","10,045","10,096","10,067","10,235","10,415","10,509","10,506","10,400","10,401","10,323"
,,Not in employment (PAYE) or self-employment,"12,824","13,067","13,136","13,271","13,050","12,819","12,685","12,714","12,585","12,548","12,523","12,367","12,620","12,723","12,662","12,727","12,796","12,791","12,967","13,100","13,203","13,470","13,627","13,799"
,,Total,"22,589","22,668","22,807","22,802","22,886","22,848","22,796","22,849","22,686","22,690","22,687","22,688","22,706","22,788","22,711","22,819","22,863","23,024","23,384","23,609","23,711","23,873","24,037","24,123"
,Neath Port Talbot / Castell-nedd Port Talbot,In employment (PAYE) or self-employment,"5,808","5,722","5,643","5,592","5,776","5,843","5,846","5,724","5,644","5,636","5,662","5,697","5,600","5,659","5,666","5,727","5,669","5,713","5,746","5,794","5,800","5,769","5,856","5,839"
,,Not in employment (PAYE) or self-employment,"8,138","8,257","8,337","8,371","8,199","8,052","8,063","8,101","8,088","8,149","8,068","8,025","8,203","8,232","8,251","8,287","8,337","8,399","8,519","8,632","8,723","8,926","8,942","9,028"
,,Total,"13,949","13,975","13,981","13,962","13,977","13,893","13,911","13,818","13,726","13,783","13,734","13,718","13,801","13,893","13,920","14,011","14,003","14,112","14,263","14,428","14,523","14,696","14,798","14,868"
,Bridgend / Pen-y-bont ar Ogwr,In employment (PAYE) or self-employment,"5,808","5,762","5,746","5,748","5,883","5,941","5,916","5,840","5,747","5,779","5,823","5,922","5,752","5,828","5,795","5,829","5,792","5,881","5,895","5,951","5,966","5,890","5,936","5,888"
,,Not in employment (PAYE) or self-employment,"7,231","7,334","7,357","7,380","7,203","7,065","7,008","7,024","7,024","6,968","6,881","6,798","7,029","7,002","6,943","6,953","7,033","7,031","7,188","7,276","7,325","7,514","7,524","7,576"
,,Total,"13,037","13,088","13,105","13,134","13,084","13,006","12,923","12,864","12,772","12,747","12,705","12,725","12,782","12,824","12,741","12,786","12,832","12,911","13,080","13,232","13,287","13,406","13,461","13,468"
,Vale of Glamorgan / Bro Morgannwg,In employment (PAYE) or self-employment,"4,845","4,703","4,696","4,755","4,799","4,819","4,871","4,906","4,915","4,834","4,820","4,742","4,551","4,497","4,533","4,563","4,640","4,667","4,656","4,725","4,810","4,771","4,791","4,800"
,,Not in employment (PAYE) or self-employment,"5,164","5,295","5,364","5,292","5,144","5,058","4,993","4,987","4,905","4,907","4,897","4,853","4,996","5,026","5,063","5,136","5,077","5,093","5,195","5,246","5,268","5,381","5,454","5,518"
,,Total,"10,005","9,999","10,059","10,050","9,944","9,876","9,870","9,894","9,824","9,738","9,718","9,595","9,550","9,516","9,594","9,697","9,717","9,764","9,855","9,973","10,077","10,153","10,246","10,322"
,Cardiff / Caerdydd,In employment (PAYE) or self-employment,"15,328","15,108","15,162","15,124","15,523","15,782","15,809","15,897","15,860","15,704","15,695","15,780","15,381","15,263","15,150","14,927","14,855","14,933","15,103","15,117","15,263","15,157","15,265","15,279"
,,Not in employment (PAYE) or self-employment,"20,612","21,079","21,176","21,225","20,822","20,265","19,996","19,787","19,533","19,438","19,175","18,918","19,324","19,505","19,315","19,427","19,489","19,543","19,825","20,187","20,318","20,742","20,705","20,840"
,,Total,"35,936","36,189","36,338","36,349","36,346","36,046","35,808","35,686","35,398","35,143","34,870","34,695","34,704","34,768","34,465","34,355","34,345","34,475","34,933","35,303","35,582","35,899","35,966","36,114"
,Rhondda Cynon Taf / Rhondda Cynon Taf,In employment (PAYE) or self-employment,"9,035","8,955","9,041","8,974","9,267","9,406","9,353","9,315","9,170","9,074","9,127","9,104","8,859","8,806","8,796","8,753","8,670","8,734","8,847","8,878","8,898","8,888","8,949","9,067"
,,Not in employment (PAYE) or self-employment,"12,004","12,278","12,474","12,527","12,191","11,893","11,880","12,028","12,002","12,114","11,969","11,988","12,260","12,375","12,277","12,310","12,370","12,517","12,646","12,829","12,957","13,272","13,404","13,445"
,,Total,"21,037","21,234","21,512","21,501","21,461","21,298","21,233","21,340","21,179","21,185","21,096","21,094","21,119","21,179","21,078","21,064","21,045","21,252","21,493","21,710","21,857","22,160","22,352","22,510"
,Caerphilly / Caerffili,In employment (PAYE) or self-employment,"7,330","7,242","7,313","7,250","7,373","7,485","7,443","7,482","7,473","7,484","7,485","7,478","7,185","7,222","7,273","7,222","7,219","7,288","7,306","7,359","7,330","7,276","7,287","7,332"
,,Not in employment (PAYE) or self-employment,"9,165","9,250","9,237","9,335","9,270","9,150","9,167","9,159","9,117","9,081","9,069","9,064","9,225","9,306","9,221","9,372","9,406","9,464","9,619","9,784","9,955","10,239","10,321","10,429"
,,Total,"16,495","16,487","16,550","16,584","16,643","16,632","16,607","16,640","16,590","16,564","16,552","16,541","16,405","16,525","16,498","16,594","16,624","16,751","16,931","17,149","17,285","17,512","17,605","17,760"
,Blaenau Gwent / Blaenau Gwent,In employment (PAYE) or self-employment,"3,145","3,111","3,105","3,039","3,118","3,132","3,123","3,217","3,152","3,160","3,221","3,191","3,108","3,106","3,080","3,049","3,082","3,077","3,111","3,145","3,188","3,158","3,213","3,245"
,,Not in employment (PAYE) or self-employment,"4,436","4,526","4,564","4,567","4,567","4,503","4,443","4,407","4,426","4,412","4,366","4,365","4,467","4,515","4,495","4,540","4,529","4,603","4,634","4,686","4,773","4,927","4,935","4,978"
,,Total,"7,576","7,638","7,676","7,605","7,681","7,633","7,572","7,627","7,582","7,570","7,582","7,552","7,576","7,619","7,577","7,585","7,614","7,680","7,740","7,835","7,959","8,088","8,155","8,220"
,Torfaen / Tor-faen,In employment (PAYE) or self-employment,"4,478","4,375","4,365","4,357","4,472","4,542","4,500","4,576","4,512","4,475","4,490","4,576","4,490","4,454","4,472","4,457","4,440","4,454","4,554","4,565","4,565","4,529","4,479","4,459"
,,Not in employment (PAYE) or self-employment,"5,664","5,767","5,792","5,776","5,681","5,603","5,538","5,503","5,444","5,434","5,416","5,376","5,487","5,549","5,499","5,538","5,541","5,576","5,612","5,708","5,746","5,860","5,958","5,996"
,,Total,"10,139","10,140","10,158","10,134","10,151","10,139","10,042","10,080","9,960","9,911","9,901","9,954","9,981","10,007","9,975","9,998","9,982","10,030","10,165","10,279","10,306","10,397","10,438","10,459"
,Monmouthshire / Sir Fynwy,In employment (PAYE) or self-employment,"2,843","2,761","2,820","2,815","2,825","2,869","2,847","2,812","2,790","2,751","2,717","2,724","2,636","2,599","2,552","2,593","2,623","2,610","2,658","2,691","2,728","2,719","2,705","2,718"
,,Not in employment (PAYE) or self-employment,"2,674","2,747","2,731","2,702","2,649","2,531","2,503","2,516","2,527","2,506","2,450","2,427","2,508","2,540","2,529","2,537","2,562","2,567","2,737","2,768","2,776","2,831","2,901","2,882"
,,Total,"5,511","5,508","5,553","5,512","5,472","5,397","5,351","5,333","5,319","5,254","5,170","5,147","5,148","5,140","5,080","5,127","5,189","5,179","5,399","5,453","5,502","5,546","5,597","5,593"
,Newport / Casnewydd,In employment (PAYE) or self-employment,"7,531","7,451","7,474","7,410","7,494","7,635","7,630","7,610","7,562","7,709","7,804","7,909","7,724","7,660","7,553","7,423","7,401","7,476","7,614","7,692","7,708","7,607","7,592","7,612"
,,Not in employment (PAYE) or self-employment,"9,971","10,223","10,286","10,259","10,156","9,942","9,874","9,777","9,723","9,639","9,544","9,424","9,572","9,626","9,565","9,630","9,643","9,630","9,712","9,763","9,809","9,998","10,060","10,096"
,,Total,"17,505","17,673","17,756","17,667","17,653","17,581","17,503","17,390","17,282","17,343","17,347","17,335","17,290","17,285","17,114","17,058","17,048","17,099","17,324","17,454","17,519","17,605","17,653","17,709"
,Powys / Powys,In employment (PAYE) or self-employment,"4,393","4,388","4,402","4,371","4,425","4,412","4,371","4,291","4,172","4,150","4,067","4,068","3,986","4,040","3,991","4,010","3,994","4,036","4,076","4,106","4,077","4,060","4,074","4,136"
,,Not in employment (PAYE) or self-employment,"3,824","3,873","3,895","3,887","3,798","3,718","3,643","3,626","3,637","3,617","3,645","3,678","3,737","3,721","3,702","3,692","3,684","3,708","3,793","3,889","3,943","4,052","4,119","4,146"
,,Total,"8,214","8,262","8,292","8,255","8,222","8,132","8,014","7,915","7,810","7,768","7,710","7,745","7,722","7,756","7,698","7,702","7,685","7,743","7,870","7,997","8,022","8,109","8,194","8,282"
,Merthyr Tydfil / Merthyr Tudful,In employment (PAYE) or self-employment,"2,754","2,714","2,749","2,711","2,800","2,890","2,856","2,837","2,809","2,834","2,834","2,835","2,795","2,741","2,728","2,774","2,733","2,774","2,789","2,779","2,845","2,829","2,874","2,842"
,,Not in employment (PAYE) or self-employment,"3,648","3,736","3,725","3,752","3,689","3,601","3,628","3,682","3,675","3,655","3,621","3,578","3,655","3,688","3,668","3,699","3,746","3,757","3,809","3,889","3,936","4,016","4,014","4,017"
,,Total,"6,403","6,449","6,472","6,465","6,484","6,497","6,484","6,526","6,480","6,491","6,451","6,414","6,450","6,431","6,390","6,473","6,481","6,534","6,599","6,668","6,786","6,848","6,883","6,860"
,Clackmannanshire,In employment (PAYE) or self-employment,"2,126","2,140","2,162","2,114","2,174","2,191","2,154","2,196","2,182","2,188","2,173","2,173","2,084","2,096","2,102","2,112","2,133","2,155","2,154","2,181","2,174","2,111","2,118","2,122"
,,Not in employment (PAYE) or self-employment,"3,276","3,295","3,284","3,297","3,225","3,185","3,194","3,156","3,120","3,111","3,059","3,003","3,076","3,096","3,095","3,109","3,107","3,135","3,209","3,220","3,228","3,280","3,317","3,358"
,,Total,"5,405","5,437","5,446","5,411","5,394","5,374","5,347","5,353","5,299","5,295","5,234","5,176","5,159","5,190","5,191","5,221","5,239","5,290","5,363","5,400","5,406","5,390","5,437","5,481"
,Dumfries and Galloway,In employment (PAYE) or self-employment,"5,465","5,466","5,471","5,419","5,591","5,729","5,772","5,699","5,635","5,423","5,384","5,402","5,199","5,258","5,245","5,345","5,378","5,423","5,430","5,468","5,494","5,424","5,432","5,427"
,,Not in employment (PAYE) or self-employment,"6,218","6,332","6,387","6,395","6,230","6,138","6,083","6,121","6,077","6,010","5,945","5,945","6,114","6,107","6,105","6,172","6,158","6,209","6,382","6,491","6,555","6,719","6,790","6,886"
,,Total,"11,684","11,803","11,855","11,816","11,815","11,869","11,855","11,815","11,714","11,431","11,331","11,354","11,310","11,366","11,354","11,514","11,538","11,636","11,810","11,957","12,048","12,144","12,222","12,316"
,East Ayrshire,In employment (PAYE) or self-employment,"5,384","5,376","5,434","5,473","5,682","5,766","5,755","5,716","5,671","5,558","5,563","5,528","5,201","5,193","5,275","5,390","5,347","5,378","5,368","5,430","5,454","5,286","5,262","5,077"
,,Not in employment (PAYE) or self-employment,"8,290","8,335","8,362","8,308","8,071","7,993","8,041","7,992","7,875","7,816","7,749","7,727","7,910","7,930","7,870","7,829","7,819","7,870","8,133","8,161","8,068","8,264","8,330","8,541"
,,Total,"13,669","13,712","13,794","13,785","13,753","13,764","13,799","13,705","13,542","13,374","13,314","13,250","13,107","13,124","13,145","13,222","13,169","13,251","13,503","13,589","13,521","13,544","13,594","13,622"
,East Lothian,In employment (PAYE) or self-employment,"4,657","4,664","4,641","4,630","4,684","4,577","4,557","4,512","4,521","4,410","4,354","4,381","4,242","4,234","4,211","4,265","4,232","4,240","4,216","4,252","4,251","4,198","4,229","4,220"
,,Not in employment (PAYE) or self-employment,"4,875","4,969","4,964","4,930","4,755","4,666","4,587","4,592","4,527","4,513","4,451","4,392","4,422","4,401","4,354","4,297","4,286","4,286","4,310","4,319","4,311","4,480","4,510","4,533"
,,Total,"9,532","9,631","9,606","9,564","9,447","9,243","9,146","9,106","9,041","8,919","8,809","8,769","8,667","8,639","8,562","8,566","8,511","8,527","8,532","8,569","8,563","8,682","8,739","8,756"
,East Renfrewshire,In employment (PAYE) or self-employment,"2,132","2,116","2,106","2,059","2,083","2,048","1,989","1,954","1,917","1,886","1,868","1,874","1,826","1,829","1,822","1,821","1,800","1,792","1,784","1,788","1,847","1,801","1,825","1,816"
,,Not in employment (PAYE) or self-employment,"2,347","2,384","2,372","2,341","2,249","2,236","2,224","2,188","2,115","2,093","2,080","2,063","2,082","2,061","2,010","2,056","2,069","2,094","2,128","2,153","2,173","2,254","2,263","2,291"
,,Total,"4,477","4,496","4,476","4,401","4,334","4,280","4,216","4,141","4,033","3,975","3,948","3,934","3,907","3,891","3,831","3,873","3,873","3,879","3,913","3,942","4,023","4,055","4,093","4,101"
,Na h-Eileanan Siar,In employment (PAYE) or self-employment,739,745,762,761,813,804,803,796,802,782,763,752,752,745,734,730,728,734,737,738,747,732,733,721
,,Not in employment (PAYE) or self-employment,801,801,814,809,748,738,725,711,685,682,674,681,681,705,702,702,690,701,707,700,678,724,737,759
,,Total,"1,536","1,544","1,573","1,568","1,561","1,544","1,527","1,506","1,487","1,463","1,437","1,432","1,431","1,444","1,437","1,438","1,418","1,440","1,447","1,438","1,427","1,454","1,474","1,479"
,Falkirk,In employment (PAYE) or self-employment,"6,022","5,998","6,085","6,140","6,305","6,281","6,148","6,075","6,064","6,011","5,986","6,068","5,876","5,877","5,912","5,914","5,878","5,860","6,007","6,026","5,970","5,932","5,891","5,897"
,,Not in employment (PAYE) or self-employment,"8,057","8,235","8,240","8,191","7,948","7,831","7,800","7,723","7,539","7,493","7,405","7,290","7,458","7,432","7,364","7,402","7,460","7,523","7,625","7,722","7,765","7,897","8,032","8,155"
,,Total,"14,078","14,233","14,323","14,331","14,251","14,112","13,950","13,801","13,607","13,505","13,387","13,354","13,338","13,308","13,277","13,319","13,342","13,383","13,633","13,747","13,739","13,824","13,920","14,052"
,Highland,In employment (PAYE) or self-employment,"9,480","9,559","9,597","9,583","9,914","9,926","9,705","9,370","9,215","8,941","8,800","8,665","8,335","8,393","8,423","8,555","8,569","8,657","8,659","8,673","8,680","8,511","8,430","8,318"
,,Not in employment (PAYE) or self-employment,"10,417","10,636","10,620","10,514","9,985","9,535","9,302","9,206","8,994","8,917","8,893","8,939","9,228","9,216","9,148","9,063","8,909","8,838","8,922","9,051","8,999","9,290","9,484","9,778"
,,Total,"19,896","20,190","20,221","20,093","19,898","19,468","19,007","18,573","18,212","17,861","17,694","17,600","17,562","17,610","17,570","17,619","17,480","17,492","17,576","17,725","17,681","17,804","17,919","18,095"
,Inverclyde,In employment (PAYE) or self-employment,"3,541","3,502","3,408","3,281","3,483","3,544","3,635","3,688","3,721","3,673","3,700","3,709","3,621","3,574","3,552","3,618","3,622","3,559","3,585","3,578","3,571","3,467","3,486","3,456"
,,Not in employment (PAYE) or self-employment,"5,400","5,486","5,634","5,735","5,564","5,530","5,579","5,553","5,488","5,465","5,425","5,387","5,449","5,444","5,404","5,382","5,386","5,441","5,512","5,599","5,586","5,674","5,700","5,757"
,,Total,"8,941","8,986","9,038","9,012","9,044","9,068","9,216","9,246","9,208","9,142","9,123","9,101","9,068","9,014","8,959","8,996","9,004","8,996","9,102","9,178","9,155","9,148","9,190","9,216"
,Midlothian,In employment (PAYE) or self-employment,"3,986","4,006","4,053","4,020","4,053","4,038","4,041","4,003","3,931","3,830","3,755","3,736","3,596","3,600","3,613","3,597","3,596","3,617","3,608","3,607","3,614","3,580","3,652","3,629"
,,Not in employment (PAYE) or self-employment,"4,580","4,600","4,609","4,638","4,520","4,444","4,376","4,339","4,231","4,166","4,122","4,072","4,183","4,177","4,124","4,133","4,111","4,163","4,222","4,275","4,258","4,373","4,334","4,392"
,,Total,"8,564","8,603","8,656","8,654","8,573","8,481","8,419","8,346","8,161","7,995","7,879","7,815","7,779","7,778","7,742","7,731","7,710","7,780","7,831","7,879","7,875","7,954","7,988","8,021"
,Moray,In employment (PAYE) or self-employment,"3,095","3,095","3,187","3,231","3,361","3,405","3,393","3,305","3,247","3,230","3,207","3,203","3,067","3,067","3,064","3,124","3,135","3,175","3,189","3,197","3,252","3,189","3,150","3,146"
,,Not in employment (PAYE) or self-employment,"3,463","3,580","3,578","3,530","3,387","3,298","3,267","3,269","3,178","3,109","3,035","3,018","3,136","3,163","3,127","3,110","3,097","3,145","3,203","3,228","3,199","3,272","3,330","3,403"
,,Total,"6,558","6,671","6,760","6,760","6,747","6,705","6,658","6,573","6,423","6,335","6,244","6,226","6,209","6,230","6,194","6,235","6,231","6,317","6,392","6,422","6,458","6,460","6,481","6,551"
,North Ayrshire,In employment (PAYE) or self-employment,"6,008","6,080","6,126","6,081","6,360","6,270","6,252","6,173","6,144","6,091","6,082","6,126","5,893","5,975","5,975","6,032","6,088","6,052","6,151","6,221","6,231","6,052","6,054","6,006"
,,Not in employment (PAYE) or self-employment,"9,645","9,763","9,776","9,751","9,407","9,276","9,296","9,191","8,956","8,930","8,941","8,878","9,085","9,076","9,040","9,062","9,033","9,076","9,295","9,364","9,359","9,573","9,673","9,758"
,,Total,"15,652","15,840","15,901","15,834","15,768","15,549","15,546","15,364","15,099","15,025","15,024","15,006","14,975","15,056","15,013","15,095","15,123","15,126","15,445","15,578","15,592","15,626","15,725","15,770"
,Orkney Islands,In employment (PAYE) or self-employment,523,553,543,529,558,573,572,541,548,512,498,514,506,517,503,535,542,552,555,575,550,549,550,559
,,Not in employment (PAYE) or self-employment,491,492,507,509,466,440,427,455,452,465,471,463,475,485,489,477,486,479,493,493,514,531,553,551
,,Total,"1,016","1,044","1,045","1,038","1,026","1,009","1,002",994,999,978,969,973,985,998,994,"1,009","1,027","1,034","1,048","1,062","1,061","1,077","1,100","1,113"
,Scottish Borders,In employment (PAYE) or self-employment,"3,922","3,918","3,965","3,991","4,134","4,075","4,025","3,996","3,987","3,933","3,895","3,858","3,787","3,845","3,801","3,888","3,901","3,947","3,948","3,975","4,050","4,003","4,006","4,023"
,,Not in employment (PAYE) or self-employment,"4,398","4,520","4,555","4,505","4,354","4,267","4,234","4,218","4,119","4,096","4,043","4,042","4,121","4,115","4,120","4,098","4,067","4,060","4,164","4,231","4,237","4,423","4,503","4,556"
,,Total,"8,319","8,444","8,519","8,494","8,487","8,339","8,256","8,217","8,106","8,026","7,943","7,899","7,911","7,963","7,926","7,991","7,966","8,010","8,114","8,207","8,287","8,423","8,508","8,574"
,Shetland Islands,In employment (PAYE) or self-employment,612,615,614,632,655,677,678,663,650,641,623,639,635,625,629,661,645,653,656,673,649,679,682,668
,,Not in employment (PAYE) or self-employment,536,562,543,537,529,513,512,510,506,502,504,504,506,518,505,481,521,509,526,532,544,537,532,541
,,Total,"1,150","1,174","1,161","1,174","1,187","1,188","1,196","1,174","1,156","1,137","1,130","1,143","1,143","1,142","1,135","1,142","1,166","1,162","1,185","1,202","1,189","1,219","1,213","1,205"
,South Ayrshire,In employment (PAYE) or self-employment,"4,376","4,409","4,432","4,493","4,702","4,766","4,783","4,762","4,702","4,546","4,445","4,341","4,147","4,144","4,224","4,227","4,303","4,310","4,304","4,302","4,333","4,298","4,245","4,197"
,,Not in employment (PAYE) or self-employment,"6,142","6,220","6,216","6,152","5,902","5,798","5,769","5,730","5,570","5,489","5,424","5,442","5,550","5,588","5,493","5,476","5,417","5,492","5,641","5,741","5,728","5,842","5,930","6,084"
,,Total,"10,520","10,627","10,647","10,645","10,604","10,566","10,545","10,490","10,271","10,029","9,871","9,780","9,692","9,738","9,719","9,702","9,725","9,805","9,945","10,041","10,064","10,140","10,173","10,280"
,South Lanarkshire,In employment (PAYE) or self-employment,"12,577","12,445","12,407","12,388","12,587","12,639","12,537","12,438","12,365","12,012","11,874","11,875","11,445","11,339","11,240","11,249","11,288","11,308","11,246","11,298","11,409","11,272","11,317","11,412"
,,Not in employment (PAYE) or self-employment,"16,910","17,242","17,363","17,213","16,798","16,565","16,563","16,383","16,037","15,904","15,599","15,444","15,682","15,721","15,689","15,726","15,779","15,882","16,348","16,508","16,467","16,889","17,050","17,009"
,,Total,"29,483","29,688","29,773","29,605","29,386","29,200","29,101","28,820","28,405","27,918","27,474","27,321","27,126","27,060","26,934","26,976","27,064","27,187","27,588","27,806","27,875","28,164","28,372","28,426"
,Stirling,In employment (PAYE) or self-employment,"3,002","2,980","2,947","2,877","2,950","2,972","2,901","2,804","2,802","2,735","2,674","2,636","2,569","2,563","2,540","2,539","2,525","2,563","2,563","2,609","2,646","2,593","2,616","2,634"
,,Not in employment (PAYE) or self-employment,"3,823","3,867","3,850","3,805","3,648","3,551","3,475","3,456","3,342","3,300","3,267","3,243","3,333","3,328","3,291","3,255","3,248","3,241","3,417","3,482","3,462","3,574","3,584","3,593"
,,Total,"6,828","6,849","6,794","6,686","6,600","6,526","6,376","6,258","6,151","6,034","5,943","5,884","5,899","5,890","5,832","5,796","5,768","5,801","5,978","6,090","6,113","6,168","6,197","6,226"
,Aberdeen City,In employment (PAYE) or self-employment,"8,367","8,382","8,384","8,262","8,624","8,850","8,853","8,787","8,547","8,477","8,394","8,316","8,086","8,000","7,992","7,969","7,951","7,969","8,027","8,117","8,264","8,185","8,126","8,199"
,,Not in employment (PAYE) or self-employment,"9,857","10,133","10,161","10,212","9,812","9,635","9,511","9,350","9,073","8,898","8,771","8,629","8,838","8,859","8,805","8,812","8,777","8,878","9,360","9,603","9,524","9,874","9,951","9,916"
,,Total,"18,221","18,518","18,545","18,478","18,431","18,482","18,361","18,133","17,617","17,376","17,164","16,948","16,925","16,857","16,798","16,788","16,727","16,846","17,385","17,716","17,781","18,058","18,078","18,117"
,Aberdeenshire,In employment (PAYE) or self-employment,"7,094","7,163","7,192","7,194","7,430","7,374","7,276","7,185","6,985","6,852","6,782","6,817","6,665","6,674","6,828","6,877","6,852","6,872","6,789","6,886","6,902","6,826","6,824","6,917"
,,Not in employment (PAYE) or self-employment,"7,311","7,490","7,549","7,523","7,250","7,153","7,093","7,066","6,937","6,819","6,756","6,697","6,906","6,886","6,778","6,834","6,902","6,910","7,105","7,146","7,126","7,347","7,470","7,473"
,,Total,"14,398","14,651","14,740","14,719","14,686","14,523","14,363","14,247","13,922","13,670","13,541","13,519","13,574","13,560","13,603","13,711","13,755","13,782","13,894","14,037","14,034","14,177","14,294","14,386"
,Argyll and Bute,In employment (PAYE) or self-employment,"2,940","2,975","2,968","2,934","3,094","3,181","3,176","3,106","2,996","2,905","2,814","2,756","2,666","2,678","2,700","2,752","2,801","2,803","2,789","2,823","2,865","2,803","2,768","2,720"
,,Not in employment (PAYE) or self-employment,"3,288","3,329","3,333","3,299","3,107","2,980","2,932","2,936","2,912","2,904","2,894","2,883","2,959","2,962","2,918","2,873","2,831","2,873","2,975","2,998","3,005","3,088","3,138","3,247"
,,Total,"6,233","6,301","6,305","6,231","6,202","6,162","6,102","6,041","5,910","5,811","5,710","5,637","5,627","5,636","5,614","5,624","5,632","5,671","5,759","5,820","5,872","5,888","5,909","5,971"
,City of Edinburgh,In employment (PAYE) or self-employment,"18,859","18,825","18,843","18,671","19,058","18,961","18,744","18,210","17,994","17,600","17,241","16,860","16,243","16,108","16,069","16,090","16,073","16,211","16,451","16,552","16,669","16,440","16,513","16,533"
,,Not in employment (PAYE) or self-employment,"18,465","18,939","19,133","19,081","18,244","17,633","17,288","17,075","16,616","16,364","15,956","15,636","15,999","16,019","15,845","15,914","15,901","16,110","16,328","16,561","16,909","17,591","17,738","17,809"
,,Total,"37,324","37,763","37,975","37,753","37,305","36,595","36,036","35,283","34,606","33,964","33,199","32,496","32,245","32,133","31,919","32,004","31,974","32,320","32,778","33,114","33,583","34,031","34,252","34,338"
,Renfrewshire,In employment (PAYE) or self-employment,"6,944","6,842","6,783","6,648","6,942","7,044","7,077","7,099","6,964","6,600","6,446","6,510","6,341","6,282","6,334","6,351","6,333","6,389","6,473","6,519","6,645","6,495","6,471","6,461"
,,Not in employment (PAYE) or self-employment,"8,347","8,598","8,704","8,724","8,363","8,186","8,170","8,055","7,807","7,703","7,611","7,593","7,766","7,834","7,739","7,837","7,847","7,863","8,124","8,215","8,259","8,562","8,662","8,751"
,,Total,"15,289","15,442","15,487","15,375","15,307","15,225","15,244","15,155","14,772","14,306","14,057","14,105","14,107","14,119","14,072","14,191","14,178","14,249","14,598","14,733","14,909","15,055","15,134","15,211"
,West Dunbartonshire,In employment (PAYE) or self-employment,"3,928","3,873","3,947","3,965","4,138","4,213","4,228","4,233","4,242","4,131","4,121","4,069","3,947","3,936","3,834","3,859","3,908","3,972","4,071","4,111","4,150","4,032","3,983","3,964"
,,Not in employment (PAYE) or self-employment,"5,549","5,661","5,695","5,677","5,479","5,407","5,398","5,373","5,258","5,251","5,247","5,265","5,381","5,443","5,406","5,462","5,419","5,420","5,511","5,590","5,600","5,782","5,904","6,037"
,,Total,"9,474","9,537","9,640","9,636","9,617","9,626","9,626","9,608","9,500","9,384","9,365","9,334","9,324","9,379","9,237","9,321","9,324","9,392","9,580","9,706","9,753","9,818","9,891","9,997"
,West Lothian,In employment (PAYE) or self-employment,"7,155","7,140","7,190","7,200","7,286","7,173","7,129","7,105","7,071","7,010","6,954","6,949","6,730","6,798","6,764","6,816","6,795","6,811","6,881","6,949","7,041","6,857","6,951","6,888"
,,Not in employment (PAYE) or self-employment,"8,651","8,830","8,917","8,935","8,721","8,586","8,513","8,472","8,350","8,217","8,121","8,030","8,194","8,190","8,130","8,140","8,125","8,276","8,485","8,595","8,602","8,907","8,930","9,098"
,,Total,"15,807","15,975","16,102","16,138","16,009","15,760","15,638","15,579","15,418","15,221","15,074","14,981","14,924","14,987","14,893","14,955","14,920","15,082","15,361","15,551","15,648","15,765","15,878","15,984"
,Angus,In employment (PAYE) or self-employment,"4,187","4,225","4,309","4,286","4,401","4,380","4,338","4,271","4,298","4,312","4,248","4,225","4,096","4,060","4,063","4,135","4,093","4,094","4,192","4,230","4,265","4,190","4,138","4,185"
,,Not in employment (PAYE) or self-employment,"5,389","5,517","5,479","5,510","5,353","5,264","5,253","5,246","5,105","4,974","4,952","4,956","5,071","5,085","5,048","5,030","5,067","5,112","5,216","5,253","5,200","5,360","5,497","5,515"
,,Total,"9,578","9,743","9,792","9,796","9,752","9,644","9,590","9,514","9,404","9,285","9,201","9,177","9,168","9,144","9,110","9,165","9,161","9,199","9,412","9,491","9,470","9,545","9,635","9,700"
,Dundee City,In employment (PAYE) or self-employment,"6,882","6,861","6,945","6,870","7,067","7,192","7,164","7,152","7,205","7,038","7,070","6,997","6,765","6,653","6,578","6,567","6,551","6,528","6,600","6,712","6,825","6,709","6,672","6,623"
,,Not in employment (PAYE) or self-employment,"9,618","9,819","9,769","9,838","9,623","9,570","9,651","9,675","9,435","9,247","9,173","9,095","9,283","9,397","9,294","9,341","9,398","9,480","9,790","9,889","9,873","10,138","10,171","10,262"
,,Total,"16,502","16,675","16,711","16,706","16,688","16,763","16,817","16,828","16,647","16,286","16,242","16,093","16,047","16,053","15,873","15,909","15,950","16,008","16,392","16,600","16,697","16,849","16,846","16,885"
,East Dunbartonshire,In employment (PAYE) or self-employment,"2,793","2,836","2,811","2,754","2,770","2,772","2,736","2,660","2,659","2,545","2,509","2,509","2,370","2,362","2,360","2,425","2,388","2,395","2,427","2,452","2,490","2,446","2,423","2,467"
,,Not in employment (PAYE) or self-employment,"3,275","3,271","3,274","3,244","3,173","3,133","3,139","3,119","3,027","2,988","2,948","2,939","3,006","2,997","2,946","2,925","2,921","2,944","3,032","3,032","3,012","3,093","3,109","3,120"
,,Total,"6,071","6,098","6,080","6,001","5,944","5,909","5,870","5,777","5,685","5,531","5,460","5,450","5,374","5,365","5,306","5,348","5,314","5,344","5,459","5,484","5,505","5,546","5,530","5,589"
,Fife,In employment (PAYE) or self-employment,"15,149","15,009","15,082","15,025","15,587","15,520","15,313","15,291","15,143","15,064","15,090","14,976","14,529","14,463","14,495","14,499","14,635","14,607","14,790","14,960","15,045","14,756","14,661","14,741"
,,Not in employment (PAYE) or self-employment,"20,501","20,978","21,147","21,104","20,607","20,388","20,386","20,144","19,730","19,414","19,211","19,165","19,531","19,534","19,360","19,334","19,294","19,423","19,746","19,808","19,728","20,308","20,541","20,641"
,,Total,"35,644","35,991","36,231","36,130","36,195","35,912","35,699","35,431","34,873","34,482","34,302","34,139","34,057","33,995","33,857","33,832","33,927","34,032","34,536","34,772","34,768","35,063","35,203","35,383"
,Perth and Kinross,In employment (PAYE) or self-employment,"5,149","5,146","5,185","5,109","5,331","5,294","5,215","5,091","5,064","5,016","4,932","4,881","4,730","4,724","4,728","4,739","4,768","4,816","4,861","4,866","4,907","4,797","4,816","4,777"
,,Not in employment (PAYE) or self-employment,"5,173","5,317","5,374","5,406","5,123","4,987","4,976","4,982","4,853","4,770","4,746","4,713","4,772","4,790","4,773","4,750","4,728","4,796","4,926","4,986","5,034","5,170","5,274","5,303"
,,Total,"10,322","10,463","10,565","10,515","10,456","10,283","10,189","10,078","9,917","9,787","9,679","9,594","9,498","9,517","9,503","9,485","9,497","9,612","9,780","9,854","9,940","9,969","10,091","10,076"
,Glasgow City,In employment (PAYE) or self-employment,"28,601","28,382","28,194","28,178","28,984","29,249","29,052","29,176","29,087","28,783","28,618","28,625","27,516","27,522","27,635","27,604","27,578","27,847","27,992","28,279","28,550","27,939","28,163","28,245"
,,Not in employment (PAYE) or self-employment,"43,011","43,874","44,489","44,595","43,658","42,970","42,711","42,611","41,569","41,377","41,160","40,836","41,557","41,787","41,465","41,869","42,060","42,337","43,257","43,566","43,695","45,184","45,613","46,059"
,,Total,"71,613","72,262","72,681","72,775","72,639","72,220","71,766","71,786","70,651","70,165","69,777","69,458","69,079","69,309","69,099","69,473","69,636","70,182","71,247","71,849","72,248","73,125","73,773","74,304"
,North Lanarkshire,In employment (PAYE) or self-employment,"13,981","13,800","13,818","13,767","14,173","14,234","14,339","14,311","14,227","13,813","13,679","13,745","13,207","13,189","13,096","13,194","13,116","13,163","13,294","13,366","13,501","13,370","13,162","13,304"
,,Not in employment (PAYE) or self-employment,"20,001","20,393","20,468","20,439","19,929","19,762","19,757","19,558","19,124","19,021","18,714","18,606","19,057","19,080","18,997","19,125","19,317","19,450","19,988","20,199","20,208","20,698","20,865","20,820"
,,Total,"33,975","34,196","34,285","34,205","34,103","33,994","34,100","33,868","33,350","32,840","32,392","32,347","32,261","32,269","32,089","32,316","32,429","32,610","33,284","33,562","33,707","34,064","34,029","34,121"
,Unknown,In employment (PAYE) or self-employment,"2,065","2,226","2,207","2,318","2,429","2,232","2,072","1,946","1,964","1,911","1,898","1,812","1,609","1,564","1,486","1,607","1,519","1,910","1,653","1,612","1,577","1,514","1,530","1,417"
,,Not in employment (PAYE) or self-employment,"3,938","4,139","3,969","4,124","4,181","3,718","3,322","3,063","3,017","3,529","2,879","2,708","2,508","2,341","2,185","2,334","2,656","4,046","2,614","2,274","2,189","2,185","2,029","1,975"
,,Total,"6,005","6,366","6,174","6,437","6,608","5,952","5,394","5,005","4,977","5,442","4,779","4,519","4,118","3,907","3,667","3,946","4,172","5,955","4,261","3,893","3,771","3,697","3,560","3,394"
,Great Britain,In employment (PAYE) or self-employment,"2,817,728","2,804,879","2,809,930","2,810,566","2,859,834","2,881,895","2,876,158","2,849,054","2,822,490","2,816,880","2,806,457","2,791,237","2,693,480","2,684,908","2,688,006","2,687,406","2,675,244","2,690,752","2,700,940","2,714,863","2,723,957","2,690,432","2,702,669","2,700,768"
,,Not in employment (PAYE) or self-employment,"3,076,110","3,136,268","3,155,978","3,140,513","3,072,473","3,000,905","2,961,015","2,951,980","2,911,429","2,874,979","2,841,708","2,809,751","2,865,737","2,871,918","2,841,740","2,854,779","2,862,419","2,864,073","2,914,837","2,942,198","2,956,502","3,037,060","3,050,556","3,075,943"
,,Total,"5,893,840","5,941,143","5,965,909","5,951,080","5,932,309","5,882,799","5,837,177","5,801,032","5,733,920","5,691,857","5,648,168","5,600,992","5,559,215","5,556,829","5,529,748","5,542,184","5,537,661","5,554,825","5,615,780","5,657,063","5,680,460","5,727,494","5,753,224","5,776,709"
,Total,In employment (PAYE) or self-employment,"2,819,797","2,807,099","2,812,138","2,812,886","2,862,265","2,884,133","2,878,227","2,850,996","2,824,453","2,818,795","2,808,358","2,793,047","2,695,090","2,686,472","2,689,497","2,689,015","2,676,763","2,692,659","2,702,593","2,716,475","2,725,534","2,691,945","2,704,203","2,702,188"
,,Not in employment (PAYE) or self-employment,"3,080,051","3,140,411","3,159,944","3,144,633","3,076,652","3,004,625","2,964,338","2,955,041","2,914,443","2,878,504","2,844,591","2,812,464","2,868,247","2,874,261","2,843,924","2,857,117","2,865,072","2,868,120","2,917,449","2,944,477","2,958,691","3,039,247","3,052,582","3,077,917"
,,Total,"5,899,848","5,947,510","5,972,086","5,957,521","5,938,916","5,888,758","5,842,565","5,806,042","5,738,896","5,697,300","5,652,946","5,605,512","5,563,333","5,560,735","5,533,417","5,546,129","5,541,838","5,560,777","5,620,044","5,660,951","5,684,229","5,731,192","5,756,781","5,780,104"
